LNGI;LATI;PRID;Horizon;Nom_horizon;epais_hor;transition_distin;Munshell_col_hud;sable_gros;sable_moy;sable_fin;sable_tr_fin;sable_total;Limon;Argile;classe_TT;PH;PHKC;SO4;EXCA;EXMG;EXNA;EXCK;EXAL;CECS;total_carbone;total_azote;Phosphore
-16,31536102;14,26786041;SN002/KAL;1;NA;13;C;10YR4/1;NA;NA;NA;NA;86;8;3;S;3,609999895;3,410000086;0,779999971;NA;0,400000006;0,50999999;0,01;NA;2,799999952;NA;NA;NA
-16,31536102;14,26786041;SN002/KAL;2;NA;24;G;10YR7/6;NA;NA;NA;NA;90;7;1;S;3,769999981;3,630000114;0,25;NA;0,25;0,379999995;0,01;NA;2,599999905;NA;NA;NA
-16,31536102;14,26786041;SN002/KAL;3;NA;36;C;10YR7/3;NA;NA;NA;NA;85;7;4;LS;3,670000076;3,369999886;0,779999971;NA;0,790000021;0,529999971;0,01;NA;3,200000048;NA;NA;NA
-16,31536102;14,26786041;SN002/KAL;4;NA;110;NA;10YR5/1;NA;NA;NA;NA;43;37;20;L;3,059999943;2,849999905;7,510000229;0,680000007;3,720000029;4,53000021;0,07;NA;13,60000038;NA;NA;NA
-15,99233341;15,64472008;SN008C/A001;1;Ap;6;NA;10YR4/3;NA;NA;NA;NA;NA;NA;NA;NA;8,699999809;NA;NA;NA;NA;NA;NA;NA;NA;2,299999952;0,219999999;6
-15,99233341;15,64472008;SN008C/A001;2;A1;17;NA;10YR3/4;37;NA;52;NA;90;4;6;S;7,699999809;NA;NA;2,549999952;1,139999986;0,01;0,07;NA;316;1,800000072;0,179999992;1
-15,99233341;15,64472008;SN008C/A001;3;A2;59;NA;10YR3/4;34;NA;55;NA;88;4;7;S;7,5;NA;NA;2,50999999;1,330000043;0,02;0,059999999;NA;4,170000076;1,399999976;0,149999991;1
-15,99233341;15,64472008;SN008C/A001;4;B;90;NA;10YR3/3;33;NA;55;NA;88;4;8;S;7,699999809;NA;NA;3,089999914;1,480000019;0,029999999;0,059999999;NA;44;1,199999928;0,149999991;1
-15,99233341;15,64472008;SN008C/A001;5;C1;103;NA;10YR4/3;NA;NA;NA;NA;NA;NA;NA;NA;7,900000095;NA;NA;3,059999943;1,480000019;0,01;0,079999998;NA;4,130000114;NA;NA;NA
-15,99233341;15,64472008;SN008C/A001;6;C2;135;NA;10YR5/3;NA;NA;NA;NA;NA;NA;NA;NA;9,199999809;NA;NA;NA;NA;NA;NA;NA;NA;NA;NA;NA
-16,28252792;15,5144701;SN008C/A004;1;Ap;5;NA;10YR4/3;NA;NA;NA;NA;NA;NA;NA;NA;NA;NA;NA;NA;NA;NA;NA;NA;NA;1,800000072;0,230000004;3
-16,28252792;15,5144701;SN008C/A004;2;A1;20;NA;10YR3/2;25;NA;57;NA;83;10;7;LS;7,900000095;NA;NA;4,090000153;0,810000002;0,01;0,270000011;NA;4,940000057;2,799999952;0,25;1
-16,28252792;15,5144701;SN008C/A004;3;A2;25;NA;10YR3/2;NA;NA;NA;NA;NA;NA;NA;NA;7,699999809;NA;NA;6,980000019;0,589999974;0,01;0,079999998;NA;6,389999866;3,099999905;0,230000004;1
-16,28252792;15,5144701;SN008C/A004;4;B1;54;NA;10YR3/1;30;NA;52;NA;82;8;11;LS;7,800000191;NA;NA;14,96000004;0,610000014;0,07;0,059999999;NA;9,159999847;3,199999809;0,280000001;3
-16,28252792;15,5144701;SN008C/A004;5;B2;80;NA;10YR3/1;30;NA;52;NA;82;7;12;LS;8,5;NA;NA;19,51000023;0,610000014;0,100000001;0,050000001;NA;10,14000034;NA;NA;NA
-16,28252792;15,5144701;SN008C/A004;6;C;135;NA;10YR6/2;NA;NA;NA;NA;NA;NA;NA;NA;8,5;NA;NA;NA;NA;NA;NA;NA;NA;NA;NA;NA
-16,27855492;15,5574398;SN008C/A013;1;Ap;6;NA;10YR4/3;NA;NA;NA;NA;NA;NA;NA;NA;7,300000191;6,199999809;NA;NA;NA;NA;NA;NA;NA;2;3,400000095;6
-16,27855492;15,5574398;SN008C/A013;2;A1;28;NA;10YR4/2;34;NA;54;NA;88;5;6;S;6,300000191;4,900000095;NA;1,580000043;0,579999983;0,02;0,039999999;NA;2,5;1,800000072;0,140000001;1
-16,27855492;15,5574398;SN008C/A013;3;AB;44;NA;10YR4/2;NA;NA;NA;NA;NA;NA;NA;NA;5,800000191;4,099999905;NA;NA;NA;NA;NA;NA;NA;NA;NA;NA
-16,27855492;15,5574398;SN008C/A013;4;B1;55;NA;10YR3/3;NA;NA;NA;NA;NA;NA;NA;NA;6;4,699999809;NA;NA;NA;NA;NA;NA;NA;NA;NA;NA
-16,27855492;15,5574398;SN008C/A013;5;B2;116;NA;10YR3/2;NA;NA;35;54;89;5;8;S;5,900000095;4,800000191;NA;NA;NA;NA;NA;NA;NA;NA;NA;NA
-16,27855492;15,5574398;SN008C/A013;6;C;125;NA;10YR4/2;NA;NA;NA;NA;NA;NA;NA;NA;6,099999905;NA;NA;NA;NA;NA;NA;NA;NA;NA;NA;NA
-16,32261086;15,46761036;SN008C/B007;1;Ap;4;NA;10YR4/3;NA;NA;NA;NA;NA;NA;NA;NA;8,600000381;NA;NA;NA;NA;NA;NA;NA;NA;NA;NA;NA
-16,32261086;15,46761036;SN008C/B007;2;A1;17;NA;10YR3/3;28;NA;58;NA;86;7;7;LS;8,300000191;NA;NA;16,07999992;0,579999983;0,029999999;0,090000004;NA;6,289999962;3,099999905;0,349999994;NA
-16,32261086;15,46761036;SN008C/B007;3;A2;54;NA;10YR3/2;29;NA;55;NA;84;8;10;LS;8,899999619;NA;NA;19,31999969;0,600000024;0,02;0,07;NA;7,630000114;3,799999952;0,370000005;NA
-16,32261086;15,46761036;SN008C/B007;4;Bk;110;NA;10YR5/3;22;NA;49;NA;71;9;18;SL;8,699999809;NA;NA;22,25;0,639999986;0,02;0,029999999;NA;5,949999809;NA;NA;NA
-16,32261086;15,46761036;SN008C/B007;5;BC;128;NA;NA;NA;NA;NA;NA;NA;NA;NA;NA;9,199999809;NA;NA;NA;NA;NA;NA;NA;NA;NA;NA;NA
-16,32261086;15,46761036;SN008C/B007;6;Ck;150;NA;NA;NA;NA;NA;NA;NA;NA;NA;NA;NA;NA;NA;NA;NA;NA;NA;NA;NA;NA;NA;NA
-16,35280609;15,38475037;SN008C/B012;1;NA;6;A;7,5YR4/6;NA;NA;NA;NA;NA;NA;NA;NA;8;6,300000191;NA;NA;NA;NA;NA;NA;NA;1,5;0,129999995;8
-16,35280609;15,38475037;SN008C/B012;2;NA;40;G;7,5YR5/4;33;NA;60;NA;93;3;4;S;5,099999905;4,199999809;NA;0,230000004;0,07;0,01;0,029999999;NA;1,399999976;1,199999928;0,129999995;4
-16,35280609;15,38475037;SN008C/B012;3;NA;70;D;7,5YR4/8;32;NA;62;NA;94;2;4;S;4,900000095;4,199999809;NA;0,079999998;0,02;0,01;0,02;NA;1,370000005;NA;NA;NA
-16,35280609;15,38475037;SN008C/B012;4;NA;150;NA;7,5YR5/8;NA;NA;NA;NA;NA;NA;NA;NA;4,800000191;NA;NA;NA;NA;NA;NA;NA;NA;NA;NA;NA
-16,08749962;15,40694046;SN008C/B014;1;A;26;NA;10YR4/4;32;NA;58;NA;90;5;5;S;6,699999809;5,599999905;NA;1,110000014;0,529999971;0,02;0,079999998;NA;2,349999905;1,5;0,170000017;2
-16,08749962;15,40694046;SN008C/B014;2;(B);103;NA;10YR3/3;31;NA;56;NA;90;4;6;S;6,5;5;NA;1,350000024;0,850000024;0,01;0,029999999;NA;2,710000038;NA;NA;NA
-16,08749962;15,40694046;SN008C/B014;3;C;150;NA;7,5YR4/6;NA;NA;NA;NA;NA;NA;NA;NA;6,300000191;NA;NA;NA;NA;NA;NA;NA;NA;NA;NA;NA
-16,40049934;15,40299988;SN008C/B13;1;Ap;4;NA;10YR4/4;NA;NA;NA;NA;NA;NA;NA;NA;7,400000095;NA;NA;NA;NA;NA;NA;NA;NA;NA;NA;NA
-16,40049934;15,40299988;SN008C/B13;2;A;34;NA;10YR4/6;NA;NA;NA;NA;NA;NA;NA;NA;7,5;NA;NA;NA;NA;NA;NA;NA;NA;NA;NA;NA
-16,40049934;15,40299988;SN008C/B13;3;NA;67;NA;10YR5/6;NA;NA;NA;NA;NA;NA;NA;NA;6,900000095;NA;NA;NA;NA;NA;NA;NA;NA;NA;NA;NA
-16,40049934;15,40299988;SN008C/B13;4;NA;100;NA;10YR5/7;NA;NA;NA;NA;NA;NA;NA;NA;5,099999905;NA;NA;NA;NA;NA;NA;NA;NA;NA;NA;NA
-16,40049934;15,40299988;SN008C/B13;5;NA;150;NA;10YR6/8;NA;NA;NA;NA;NA;NA;NA;NA;5,199999809;NA;NA;NA;NA;NA;NA;NA;NA;NA;NA;NA
-16,86058426;14,90536022;SN102IAO;1;A;2;A;7,5YR5/3;12;7;17;NA;35;33;32;CL;5,869999886;NA;NA;4,909999847;2,829999924;0,330000013;0,75;NA;8,819999695;8,300000191;0,829999983;NA
-16,86058426;14,90536022;SN102IAO;2;AE;55;C;7,5YR4/4;9;5;14;NA;28;30;41;C;5,53000021;NA;NA;7,019999981;2,950000048;0,439999998;0,129999995;NA;10,53999996;7,400000095;0,649999976;NA
-16,86058426;14,90536022;SN102IAO;3;CE;85;C;5YR4/4;11;5;13;NA;29;29;41;C;6,579999924;NA;NA;NA;NA;NA;NA;NA;NA;NA;NA;NA
-16,86058426;14,90536022;SN102IAO;4;C;145;G;10YR6/6;26;6;7;NA;39;23;37;CL;6,860000134;NA;NA;NA;NA;NA;NA;NA;NA;NA;NA;NA
-16,94788933;14,92096996;SN103IAO;1;AC;100;NA;5YR3/4;29;12;12;NA;53;34;13;SL;6,599999905;NA;NA;10,73999977;2,599999905;0,310000002;0,460000008;NA;14,10999966;18,5;1,610000014;NA
-17,07083321;14,91666985;SN105IAO;1;Ah1;1;A;10YR2/1;65;15;3;NA;83;10;7;LS;7,599999905;NA;NA;NA;4,110000134;0,170000002;0,720000029;NA;14,80000019;30,39999962;2,5;NA
-17,07083321;14,91666985;SN105IAO;2;Ah2;12;A;10YR2/1;57;20;4;NA;81;10;9;LS;8,130000114;NA;NA;NA;3,410000086;0,159999996;0,280000001;NA;10;15;1,460000038;NA
-17,07083321;14,91666985;SN105IAO;3;Cg1;30;A;10YR5/3;75;19;2;NA;96;3;1;S;8,43999958;NA;NA;NA;1,5;0,119999997;0,01;NA;1,799999952;1,700000048;0,200000003;NA
-17,07083321;14,91666985;SN105IAO;4;Cg2;70;C;10YR6/3;83;14;0;NA;97;1;1;S;8,409999847;NA;NA;NA;0,550000012;0,150000006;0,01;NA;0,699999988;2,900000095;0,150000006;NA
-17,07083321;14,91666985;SN105IAO;5;Cg3;154;NA;10YR6/3;70;27;1;NA;97;2;1;S;7,690000057;NA;NA;NA;NA;NA;NA;NA;NA;NA;NA;NA
-16,86055756;14,90536022;SN112IAO;1;A;15;C;10YR5/1;4;3;2;NA;9;34;57;C;7,900000095;NA;NA;NA;5,769999981;1,330000043;1,059999943;NA;19,89999962;11,39999962;1,200000048;NA
-16,86055756;14,90536022;SN112IAO;2;B1;30;G;10YR5/1;3;2;1;NA;6;40;54;C;7,800000191;NA;NA;NA;8,890000343;1,980000019;1,340000033;NA;19,89999962;11,80000019;0,829999983;NA
-16,86055756;14,90536022;SN112IAO;3;B2;85;C;10YR4/1;17;18;4;NA;29;20;41;C;8,100000381;NA;NA;NA;12,35999966;4,079999924;1,269999981;NA;18,70000076;10;0,779999971;NA
-17,00677872;14,9106102;SN113IAO;1;A;35;C;2,5Y3/2;5;2;2;NA;9;63;28;SICL;7,699999809;NA;NA;NA;4,409999847;0,109999999;0,119999997;NA;27,79999924;32,59999847;1,600000024;NA
-17,00677872;14,9106102;SN113IAO;2;Bw1;65;C;2,5Y3/2;19;5;7;NA;31;44;25;L;8,100000381;NA;NA;NA;2,630000114;0,109999999;0,090000004;NA;10,69999981;17,79999924;0,469999999;NA
-17,00677872;14,9106102;SN113IAO;3;Bw2;75;C;2,5Y6/2;5;5;9;NA;18;52;29;SICL;8;NA;NA;NA;NA;NA;NA;NA;NA;NA;NA;NA
-17,00677872;14,9106102;SN113IAO;4;C1;115;C;2,5Y8/3;8;3;5;NA;17;54;29;SICL;8,300000191;NA;NA;NA;NA;NA;NA;NA;NA;NA;NA;NA
-17,00677872;14,9106102;SN113IAO;5;C2;170;NA;2,5Y7/3;2;2;7;NA;11;67;22;SIL;8;NA;NA;NA;NA;NA;NA;NA;NA;NA;NA;NA
-17,01300049;14,88599968;SN118IAO;1;A;15;A;10YR3/1;24;12;6;NA;41;28;31;CL;8;NA;NA;NA;5,889999866;0,159999996;0,219999999;NA;20;19,10000038;1,360000134;NA
-17,01300049;14,88599968;SN118IAO;2;BC;65;D;2,5YR6/4;1;1;1;1;3;33;56;SIC;8,399999619;NA;NA;NA;11,31000042;1,360000014;0,02;NA;11;6,599999905;0,230000004;NA
-17,01300049;14,88599968;SN118IAO;3;BCg;120;NA;2,5YR5/4;1;0;0;0;1;40;59;C;8,300000191;NA;NA;NA;NA;NA;NA;NA;NA;NA;NA;NA
-17,07125092;14,92500019;SN121IAO;1;A1;45;A;10YR2/2;54;24;6;NA;85;11;4;LS;3,200000048;NA;NA;NA;5,769999981;1,330000043;1,059999943;2,049999952;5,579999924;30,79999924;2,739999771;NA
-17,07125092;14,92500019;SN121IAO;2;A2;63;A;10YR7/4;74;21;1;NA;96;2;2;S;3,299999952;NA;NA;NA;NA;NA;NA;NA;NA;NA;NA;NA
-17,07125092;14,92500019;SN121IAO;3;C1;70;A;10YR2/2;80;19;3;NA;99;0;0;S;3,900000095;NA;NA;NA;NA;NA;NA;NA;NA;NA;NA;NA
-17,07125092;14,92500019;SN121IAO;4;C2;120;D;10YR6/4;73;24;85;NA;98;1;1;S;3,900000095;NA;NA;NA;NA;NA;NA;NA;NA;NA;NA;NA
-17,07125092;14,92500019;SN121IAO;5;C3;145;NA;10YR4/2;88;10;1;NA;98;1;1;S;3,900000095;NA;NA;NA;NA;NA;NA;NA;NA;NA;NA;NA
-16,89500046;14,70199966;SN204IAO;1;Ap;20;C;7,5YR4/3;55;26;13;NA;94;2;4;S;7;NA;NA;2,029999971;0,409999996;0,100000001;0,07;NA;2,609999895;1,899999976;0,180000007;NA
-16,89500046;14,70199966;SN204IAO;2;B;80;D;7,5YR6/6;50;27;17;NA;93;1;5;S;NA;NA;NA;NA;NA;NA;NA;NA;NA;1,399999976;0,119999997;NA
-16,89500046;14,70199966;SN204IAO;3;C;140;NA;7,5YR8/3;58;25;11;NA;94;1;5;S;5,900000095;NA;NA;5,510000229;0,189999998;0,119999997;0,039999999;0,150000006;6,210000038;0,600000024;0,119999997;NA
-16,89999962;14,84000015;SN206IAO;1;A0;2;A;NA;30;25;21;NA;76;15;9;LS;6,699999809;NA;NA;1,409999967;0,680000007;0,379999995;0,529999971;NA;3,099999905;3,200000048;0,330000013;NA
-16,89999962;14,84000015;SN206IAO;2;A1;20;C;NA;45;21;11;NA;77;11;12;LS;5,300000191;NA;NA;2,140000105;0,600000024;0,189999998;0,02;NA;3,349999905;3,799999952;0,330000013;NA
-16,89999962;14,84000015;SN206IAO;3;R;30;NA;NA;NA;NA;NA;NA;NA;NA;NA;NA;NA;NA;NA;NA;NA;NA;NA;NA;NA;NA;NA;NA
-15,52000046;13,90999985;SNA006/C001;2;A;28;NA;10YR5/2;3;NA;38;21;62;27;10;SL;5,900000095;NA;NA;0,5;0,200000003;0,150000006;0,449999988;NA;7,5;2,700000048;0,219999999;NA
-15,52000046;13,90999985;SNA006/C001;3;BA;51;NA;10YR5/3;2;NA;32;22;56;30;13;SL;5,5;NA;NA;0,600000024;0,25999999;0,150000006;0,460000008;NA;7,699999809;1,399999976;0,109999999;NA
-15,52000046;13,90999985;SNA006/C001;4;B1;72;NA;10YR6/3;2;NA;34;24;60;23;15;SL;5,5;NA;NA;0,699999988;0,310000002;0,200000003;0,460000008;NA;7,5;NA;NA;NA
-15,52000046;13,90999985;SNA006/C001;5;B2;116;NA;10YR5/4;3;NA;38;12;54;17;28;L;5,199999809;NA;NA;1,299999952;0,340000004;0,50999999;0,540000021;NA;10,60000038;NA;NA;NA
-13,83880997;15,89861012;SNA007/C003;1;Ap;6;NA;10YR4/3;NA;NA;NA;NA;NA;NA;NA;NA;7,099999905;NA;NA;NA;NA;NA;NA;NA;NA;2,700000048;0,199999988;7
-13,83880997;15,89861012;SNA007/C003;2;A;20;NA;10YR4/3;1;26;35;15;77;14;8;LS;6,300000191;NA;NA;1;0,25;0,029999999;0,029999999;NA;1,600000024;3,199999809;0,199999988;9
-13,83880997;15,89861012;SNA007/C003;3;AC;40;NA;7,5YR4/4;NA;NA;NA;NA;NA;NA;NA;NA;6;NA;NA;NA;NA;NA;NA;NA;NA;1,899999976;0,25;9
-13,83880997;15,89861012;SNA007/C003;4;C;150;NA;2,5YR4/6;1;31;30;14;75;11;12;SL;6,099999905;NA;NA;0,449999988;0,029999999;0,02;0,029999999;NA;1,600000024;NA;NA;NA
-14,8388052;14,56589031;SNA009/C003;1;Ap;5;NA;10YR3/3;NA;NA;NA;NA;NA;NA;NA;NA;7;NA;NA;NA;NA;NA;NA;NA;NA;3;0,299999982;15
-14,8388052;14,56589031;SNA009/C003;2;A;23;NA;10YR3/3;1;26;32;19;78;15;8;LS;6,599999905;NA;NA;0,699999988;0,349999994;NA;NA;NA;2,200000048;1,5;0,149999991;10
-14,8388052;14,56589031;SNA009/C003;3;AB;43;NA;10YR4/3;NA;NA;NA;NA;NA;NA;NA;NA;5,900000095;NA;NA;NA;NA;NA;NA;NA;NA;1,5;0,129999995;NA
-14,8388052;14,56589031;SNA009/C003;4;Bt;125;NA;7,5YR4/6;1;27;30;14;72;11;19;SL;6,300000191;NA;NA;1,299999952;0,540000021;NA;NA;NA;2,400000095;NA;NA;NA
-14,8388052;14,56589031;SNA009/C003;5;C;157;NA;7,5YR5/6;NA;NA;NA;NA;NA;NA;NA;NA;NA;NA;NA;NA;NA;NA;NA;NA;NA;NA;NA;NA
-15,59169483;13,79660988;SNA010/C003;1;Ap;9;NA;10YR3/2;NA;NA;NA;NA;NA;NA;NA;NA;7,099999905;NA;NA;NA;NA;NA;NA;NA;NA;13,89999962;1,199999928;6
-15,59169483;13,79660988;SNA010/C003;2;A1;25;NA;10YR3/2;0;4;7;12;23;33;39;SICL;7,400000095;NA;NA;46,20000076;2,170000076;0,170000002;0,140000001;NA;12,97999954;12,10000038;0,920000017;7
-15,59169483;13,79660988;SNA010/C003;3;A2;43;NA;10YR4/2;0;4;6;11;22;30;47;C;7,5;NA;NA;NA;NA;NA;NA;NA;NA;8,399999619;0,640000045;10
-15,59169483;13,79660988;SNA010/C003;4;AC;64;NA;10YR6/1;NA;NA;NA;NA;NA;NA;NA;NA;7,400000095;NA;NA;NA;NA;NA;NA;NA;NA;4;0,310000002;20
-15,59169483;13,79660988;SNA010/C003;5;C;130;NA;10YR5/6;1;6;16;25;49;33;15;L;7,5;NA;NA;20,79999924;0,50999999;0,100000001;0,039999999;NA;3,25999999;1,5;0,109999999;10
NA;NA;SNA06/C001;1;Ap;6;NA;10YR5/2;3;NA;42;20;65;24;9;SL;6,599999905;NA;NA;1,399999976;0,400000006;0,560000002;1,700000048;NA;5,599999905;3,799999952;0,340000033;NA
-15,52305603;13,76721954;SNB013/C003;1;NA;8;A;10YR3/2;NA;NA;NA;NA;NA;NA;NA;NA;5,900000095;NA;NA;NA;NA;NA;NA;NA;NA;2,799999952;0,239999995;19
-15,52305603;13,76721954;SNB013/C003;2;NA;24;G;10YR4/3;1;30;29;18;78;15;7;SL;6,199999809;NA;NA;1,25;0,589999974;0,029999999;0,029999999;NA;1,75;2,200000048;0,170000002;6
-15,52305603;13,76721954;SNB013/C003;3;NA;40;D;10YR5/3;NA;NA;NA;NA;NA;NA;NA;NA;6;NA;NA;NA;NA;NA;NA;NA;NA;0,400000006;0,029999999;10
-15,52305603;13,76721954;SNB013/C003;4;NA;90;C;10YR5/4;1;29;28;19;76;16;7;SL;5,599999905;NA;NA;0,439999998;0,219999999;0,029999999;0,029999999;NA;1,019999981;NA;NA;NA
-15,52305603;13,76721954;SNB013/C003;5;NA;125;NA;10YR7/4;1;29;30;20;79;13;7;SL;5,599999905;NA;NA;0,5;0,239999995;NA;NA;NA;1,200000048;NA;NA;NA
-12,32689953;12,52789974;SNB101;1;NA;20;NA;NA;NA;NA;NA;NA;NA;NA;NA;CL;NA;NA;NA;NA;NA;NA;NA;NA;30;NA;NA;NA
-12,32689953;12,52789974;SNB101;2;NA;65;NA;NA;NA;NA;NA;NA;NA;NA;NA;SC;NA;NA;NA;NA;NA;NA;NA;NA;NA;NA;NA;NA
-12,32689953;12,52789974;SNB101;3;NA;90;NA;NA;NA;NA;NA;NA;NA;NA;NA;C;NA;NA;NA;NA;NA;NA;NA;NA;NA;NA;NA;NA
-16,33189964;12,91940022;SNBAIP017;1;NA;10;G;10YR5/3;0;5;11;10;26;56;17;SI;4,800000191;NA;NA;0,949999988;0,349999994;0,090000004;0,059999999;NA;2,450000048;0,086000003;0,0117;0
-16,33189964;12,91940022;SNBAIP017;2;NA;40;G;10YR5/2;0;4;11;6;22;62;15;SI;4,800000191;NA;NA;0,699999988;0,25;0,090000004;0,050000001;NA;2,599999905;0,068999998;0,01;0
-16,33189964;12,91940022;SNBAIP017;3;NA;70;G;10YR4/2;0;14;24;6;45;22;31;CL;4,599999905;NA;NA;0,119999997;1,379999995;0,07;0,039999999;NA;5,650000095;NA;NA;NA
-16,33189964;12,91940022;SNBAIP017;4;NA;84;A;10YR5/2;NA;NA;NA;NA;NA;NA;NA;CL;NA;NA;NA;NA;NA;NA;NA;NA;NA;NA;NA;NA
-16,33189964;12,91940022;SNBAIP017;5;NA;110;G;10YR7/2;0;26;64;7;98;2;0;S;5,199999809;NA;NA;0,050000001;NA;0,039999999;NA;NA;1,25;NA;NA;NA
-16,33189964;12,91940022;SNBAIP017;6;NA;130;A;10YR7/2;0;29;62;6;97;2;1;S;5,699999809;NA;NA;0,25;0,050000001;0,300000012;0,039999999;NA;1,049999952;NA;NA;NA
-16,33189964;12,91940022;SNBAIP017;7;NA;150;NA;10YR8/2;NA;NA;NA;NA;NA;NA;NA;S;NA;NA;NA;NA;NA;NA;NA;NA;NA;NA;NA;NA
-14,19472218;13,02402973;SNCC,143;1;NA;25;NA;NA;16;NA;33;NA;48;8;21;SCL;8,100000381;6,300000191;NA;14,21000004;1,429999948;0,5;0,029999999;NA;NA;4,900000095;0,560000002;NA
-14,19472218;13,02402973;SNCC,143;2;NA;50;NA;NA;10;NA;27;NA;37;8;8;LS;8,699999809;6,800000191;NA;15,05000019;0,379999995;1,360000014;0,029999999;NA;NA;2;0,25;NA
-14,19472218;13,02402973;SNCC,143;3;NA;70;C;NA;10;NA;76;NA;86;2;12;LS;NA;NA;NA;NA;NA;NA;NA;NA;NA;1,399999976;0,189999998;NA
-14,19472218;13,02402973;SNCC,143;4;NA;100;NA;NA;NA;NA;NA;NA;NA;NA;NA;NA;NA;NA;NA;NA;NA;NA;NA;NA;NA;NA;NA;NA
-15,61660004;15,18330002;SNCRZ13;1;NA;5;NA;NA;29;NA;65;NA;94;2;4;S;5,900000095;NA;NA;1,129999995;0,550000012;0,039999999;0,200000003;NA;1,919999957;2,640000105;0,230000004;1
-15,61660004;15,18330002;SNCRZ13;2;NA;15;NA;NA;NA;NA;NA;NA;NA;NA;NA;NA;NA;NA;NA;NA;NA;NA;NA;NA;NA;NA;NA;NA
-15,61660004;15,18330002;SNCRZ13;3;NA;28;NA;NA;27;NA;64;NA;91;6;2;S;5,699999809;NA;NA;0,970000029;0,920000017;0;0,129999995;NA;2,019999981;1,75;0,209999993;1
-15,61660004;15,18330002;SNCRZ13;4;NA;55;NA;NA;25;NA;64;NA;89;4;6;S;5,300000191;NA;NA;0,810000002;0,629999995;0,02;0,180000007;NA;1,639999986;1,429999948;0,180000007;1
-15,61660004;15,18330002;SNCRZ13;5;NA;120;NA;NA;28;NA;57;NA;84;4;11;LS;5,199999809;NA;NA;0,899999976;0,779999971;0;0,050000001;NA;1,730000019;1,049999952;0,129999995;0
-15,50002003;15,50008011;SNCRZ45;1;NA;10;NA;NA;38;NA;58;NA;96;1;2;S;6,199999809;NA;NA;1,159999967;0,419999987;0,109999999;0,119999997;NA;1,809999943;NA;NA;NA
-15,50002003;15,50008011;SNCRZ45;2;NA;30;NA;NA;38;NA;58;NA;96;1;2;S;6,400000095;NA;NA;0,899999976;0,25;0,090000004;0,079999998;NA;1,320000052;NA;NA;NA
-15,50002003;15,50008011;SNCRZ45;3;NA;60;NA;NA;36;NA;61;NA;97;0;3;S;5,800000191;NA;NA;0,560000002;0,400000006;0,079999998;0,02;NA;1,059999943;NA;NA;NA
-15,50002003;15,50008011;SNCRZ45;4;NA;90;NA;NA;36;NA;61;NA;97;2;2;S;5,599999905;NA;NA;0,720000029;0,150000006;0,170000002;0,050000001;NA;1,090000033;NA;NA;NA
-15,50002003;15,50008011;SNCRZ45;5;NA;120;NA;NA;38;NA;60;NA;98;0;2;S;5,800000191;NA;NA;0,699999988;0,090000004;0,059999999;0,02;NA;0,870000005;NA;NA;NA
-15,68000031;14,01000023;SND07/C001;1;A1;20;NA;10YR5/3;1;NA;27;26;55;30;14;SL;6;NA;NA;2,24000001;0,839999974;0,560000002;1,080000043;NA;8,5;1,399999976;0,140000001;NA
-15,68000031;14,01000023;SND07/C001;2;A2;30;NA;10YR6/3;1;NA;27;20;48;34;16;L;5,5;NA;NA;2;0,560000002;1,179999948;0,600000024;NA;9,050000191;2,5;0,199999988;NA
-15,68000031;14,01000023;SND07/C001;3;AB;44;NA;10YR5/3;1;NA;28;21;50;32;16;L;5,599999905;NA;NA;1,799999952;0,479999989;0,370000005;0,589999974;NA;7,949999809;2,5;0,170000017;NA
-15,68000031;14,01000023;SND07/C001;4;Bt1;59;NA;10YR7/4;1;NA;23;20;43;25;24;L;5,5;NA;NA;2;0,74000001;1,590000033;0,819999993;NA;9,25;NA;NA;NA
-15,68000031;14,01000023;SND07/C001;5;Bt2;100;NA;10YR6/4;1;NA;21;20;41;35;32;CL;5,699999809;NA;NA;2,440000057;0,660000026;2,049999952;1,100000024;NA;14,60000038;NA;NA;NA
-15,68000031;14,01000023;SND07/C001;6;Bt3;126;NA;10YR7/4;1;NA;18;16;36;10;27;L;5,300000191;NA;NA;2,200000048;0,800000012;1,590000033;0,769999981;NA;11;NA;NA;NA
-15,39649963;14,13589954;SND13/2;1;NA;4;C;7,5YR5/3;1;NA;47;21;69;19;11;NA;6,900000095;NA;NA;0,720000029;0,239999995;NA;NA;NA;NA;NA;NA;NA
-15,39649963;14,13589954;SND13/2;2;NA;15;G;7,5YR4/4;1;NA;44;20;64;20;14;NA;6,300000191;NA;NA;0,370000005;0,119999997;NA;NA;NA;NA;NA;NA;NA
-15,39649963;14,13589954;SND13/2;3;NA;37;A;5YR4/6;1;NA;33;20;54;11;31;NA;5,699999809;NA;NA;0,720000029;0,25999999;NA;NA;NA;NA;NA;NA;NA
-15,39649963;14,13589954;SND13/2;4;NA;55;NA;NA;NA;NA;NA;NA;NA;NA;NA;NA;NA;NA;NA;NA;NA;NA;NA;NA;NA;NA;NA;NA
-16,36861038;12,83467007;SNDIEP015;1;NA;20;C;10YR4/2;1;33;36;10;80;16;10;LS;5,599999905;NA;NA;0,400000006;0,300000012;0,050000001;0,119999997;NA;1,899999976;6,600000381;1,120000005;0
-16,36861038;12,83467007;SNDIEP015;2;NA;82;C;10YR5/3;1;18;19;6;44;16;39;CL;5,199999809;NA;NA;2,400000095;1,049999952;0,079999998;0,129999995;NA;5,849999905;8,300000191;1,320000052;NA
-16,36861038;12,83467007;SNDIEP015;3;NA;55;C;10YR5/2;1;18;28;8;54;14;32;SCL;4,699999809;NA;NA;1,450000048;0,949999988;0,059999999;0,140000001;NA;6,099999905;6,399999619;0,99000001;0
-16,36861038;12,83467007;SNDIEP015;4;NA;90;C;7,5YR4/4;3;45;30;6;83;6;11;LS;4;NA;NA;0,349999994;0,200000003;0,059999999;0,07;NA;2,349999905;NA;NA;NA
-16,36861038;12,83467007;SNDIEP015;5;NA;111;NA;7,5YR4/4;2;35;29;5;71;8;21;SCL;3,700000048;NA;NA;0,300000012;0,349999994;0,050000001;0,150000006;NA;4,349999905;NA;NA;NA
-15,91100025;13,90217018;SNE02/C003;1;Ap;2;NA;7,5YR3/2;NA;NA;NA;NA;NA;NA;NA;NA;6,5;NA;NA;NA;NA;NA;NA;NA;NA;NA;NA;NA
-15,91100025;13,90217018;SNE02/C003;2;A1;17;NA;10YR3/2;1;25;30;20;76;19;5;LS;5,5;NA;NA;1,99000001;0,819999993;0,02;0,119999997;NA;2,599999905;4,300000191;0,370000005;16
-15,91100025;13,90217018;SNE02/C003;3;A2;32;NA;7,5YR3/4;NA;NA;NA;NA;NA;NA;NA;NA;5,5;NA;NA;NA;NA;NA;NA;NA;NA;2,099999905;0,189999998;11
-15,91100025;13,90217018;SNE02/C003;4;B;64;NA;7,5YR4/6;1;26;28;18;76;10;13;SL;5,900000095;NA;NA;0,959999979;0,600000024;0,02;0,050000001;NA;1,799999952;NA;NA;NA
-15,91100025;13,90217018;SNE02/C003;5;Bt1;115;NA;7,5YR5/8;1;31;24;14;70;12;17;SL;5,900000095;NA;NA;1,899999976;0,660000026;NA;NA;NA;2,599999905;NA;NA;NA
-15,91100025;13,90217018;SNE02/C003;6;Bt2;130;NA;7,5YR5/8;NA;NA;NA;NA;NA;NA;NA;NA;6;NA;NA;NA;NA;NA;NA;NA;NA;NA;NA;NA
-15,51000023;14,06000042;SNE06/C001;1;A;12;NA;10YR3/2;2;32;18;14;65;18;14;SL;5,800000191;NA;NA;3,5;0,699999988;0,029999999;0,159999996;NA;10;15,39999962;1,5;17
-15,51000023;14,06000042;SNE06/C001;2;AB;29;NA;10YR4/3;2;32;18;16;68;16;13;SL;5,699999809;NA;NA;1,5;0,550000012;0,02;0,090000004;NA;9,5;2,099999905;0,020000001;8
-15,51000023;14,06000042;SNE06/C001;3;Bw1;55;NA;7,5YR3/3;2;34;19;16;70;18;14;SL;5,5;NA;NA;1,149999976;0,25;0,02;0,07;NA;5;1,199999928;0,120000005;12
-15,51000023;14,06000042;SNE06/C001;4;Bw2;94;NA;7,5YR4/4;2;32;19;14;66;17;15;SL;5,5;NA;NA;0,850000024;0,200000003;0,02;0,07;NA;8;0,599999964;0,049999997;12
-15,51000023;14,06000042;SNE06/C001;5;Bw3;150;NA;7,5YR4/6;1;26;18;22;67;19;14;SL;5,5;NA;NA;0,699999988;0,349999994;0,01;0,050000001;NA;7,5;0,299999982;NA;12
-15,57050037;14,06690025;SNE09/C001;1;Ap;4;NA;10YR4/4;1;30;15;15;60;19;18;SL;7,5;NA;NA;4,75;2,599999905;0,140000001;2,069999933;NA;6;13,20000076;1,199999928;78
-15,57050037;14,06690025;SNE09/C001;2;A;14;NA;10YR4/3;1;29;16;17;62;16;18;SL;7,900000095;NA;NA;3,349999905;1,75;0,119999997;1,74000001;NA;16,89999962;7,400000095;0,900000036;47
-15,57050037;14,06690025;SNE09/C001;3;AB;30;NA;10YR4/4;1;28;20;15;63;17;18;SL;6,599999905;NA;NA;0,649999976;0,150000006;0,150000006;2,400000095;NA;30,89999962;0,900000036;0,040000003;12
-15,57050037;14,06690025;SNE09/C001;4;Bt1;65;NA;7,5YR5/6;1;23;16;17;57;23;23;SCL;6,099999905;NA;NA;0,800000012;0,349999994;0,129999995;2,039999962;NA;29,89999962;0,299999982;0;10
-15,57050037;14,06690025;SNE09/C001;5;Bt2;110;NA;7,5YR5/8;0;17;15;18;51;18;27;SCL;4,800000191;NA;NA;2,299999952;0,949999988;0,050000001;0,25999999;NA;25,5;0,299999982;0;3
-15,57050037;14,06690025;SNE09/C001;6;Bs;140;NA;7,5YR6/6;1;19;13;20;53;20;26;SCL;4,699999809;NA;NA;2,049999952;1,299999952;0,050000001;0,209999993;NA;32,90000153;0,299999982;0;6
-16,35002708;14,24874973;SNE10/C003;1;NA;40;C;10YR3/1;1;13;12;8;34;26;38;CL;6,400000095;NA;NA;22,79999924;2,049999952;0,140000001;0,200000003;NA;22;30,59999847;1,5;NA
-16,35002708;14,24874973;SNE10/C003;2;NA;52;C;2,5YR4/3;3;15;17;14;50;19;32;SCL;7,900000095;NA;NA;20,5;1,149999976;0,150000006;0,059999999;NA;18,5;62,39999771;2,899999857;NA
-16,35002708;14,24874973;SNE10/C003;3;NA;64;A;2,5YR4/4;3;11;7;6;27;21;50;C;7,900000095;NA;NA;18,10000038;0,899999976;0,090000004;0,07;NA;17;20,10000038;1;10
-16,35002708;14,24874973;SNE10/C003;4;NA;110;NA;10YR6/2;4;25;25;18;72;14;13;SL;8,100000381;NA;NA;6,650000095;0,150000006;0,07;0,239999995;NA;5;14,29999924;0,699999988;10
-15,6239996;13,95820045;SNE12/C001;1;Ap;4;NA;10YR4/3;2;48;23;12;86;6;8;LS;6,5;NA;NA;0,699999988;3,049999952;0;0,289999992;NA;3;4;0,320000023;10
-15,6239996;13,95820045;SNE12/C001;2;A;16;NA;10YR4/4;1;37;24;17;78;8;14;SL;5,400000095;NA;NA;0,449999988;0,300000012;0,059999999;0,289999992;NA;4;5,5;0,439999998;11
-15,6239996;13,95820045;SNE12/C001;3;BA;48;NA;7,5YR4/4;1;37;23;12;73;9;18;SL;5,099999905;NA;NA;0,899999976;0,5;0,059999999;0,25;NA;5,5;6,399999619;0,519999981;12
-15,6239996;13,95820045;SNE12/C001;4;B;120;NA;7,5YR5/8;1;40;19;9;70;5;25;SCL;5,099999905;NA;NA;0,699999988;0,800000012;0,079999998;0,25;NA;5;2,799999952;0,349999994;12
-15,80000019;13,96000004;SNE16/C001;1;Ap;6;NA;10YR3/3;1;42;26;14;83;9;8;LS;6,5;NA;NA;1,5;0,699999988;0,079999998;0,589999974;NA;NA;2,5;0,199999988;22
-15,80000019;13,96000004;SNE16/C001;2;A;37;NA;10YR4/3;1;37;30;15;83;7;10;LS;4,800000191;NA;NA;0,800000012;0,400000006;0,029999999;0,079999998;NA;NA;1,800000072;0,199999988;51
-15,80000019;13,96000004;SNE16/C001;3;AC;74;NA;10YR5/4;1;47;26;11;84;4;12;LS;5,099999905;NA;NA;0,800000012;0,200000003;0,029999999;0,01;NA;NA;NA;NA;NA
-15,80000019;13,96000004;SNE16/C001;4;C1;100;NA;10YR6/3;1;26;36;20;83;9;8;LS;5,199999809;NA;NA;0,5;0,100000001;0,029999999;0,059999999;NA;NA;NA;NA;NA
-15,80000019;13,96000004;SNE16/C001;5;C2;150;NA;10YR7/4;1;53;26;11;91;2;7;S;5,5;NA;NA;0,5;0,100000001;0,029999999;0;NA;NA;NA;NA;NA
-15,53999996;13,93000031;SNE17/C001;1;Ap;5;NA;7,5YR4/4;2;51;22;12;86;4;10;LS;6,400000095;NA;NA;1,299999952;0,400000006;0,039999999;0,100000001;NA;NA;2,5;0,219999999;15
-15,53999996;13,93000031;SNE17/C001;2;A;23;NA;7,5YR3/4;1;45;21;14;81;7;12;LS;5,300000191;NA;NA;1,200000048;0,400000006;0,02;0,07;NA;NA;2,5;0,219999999;20
-15,53999996;13,93000031;SNE17/C001;3;B1;38;NA;5YR4/4;1;44;21;11;77;5;17;SL;5,400000095;NA;NA;1,299999952;0,200000003;0,039999999;0,109999999;NA;NA;4;0,379999995;15
-15,53999996;13,93000031;SNE17/C001;4;B2;89;NA;2,5YR4/6;1;35;24;13;72;6;22;SCL;5,900000095;NA;NA;1,899999976;0,300000012;0,02;0,02;NA;NA;NA;NA;NA
-15,53999996;13,93000031;SNE17/C001;5;B3;150;NA;2,5YR4/8;1;36;20;11;68;6;26;SCL;6,300000191;NA;NA;1,799999952;0,400000006;0,039999999;0,140000001;NA;NA;NA;NA;NA
-16,64105606;14,95318985;SNGb10;1;NA;5;NA;NA;NA;NA;NA;NA;NA;NA;NA;NA;NA;NA;NA;NA;NA;NA;NA;NA;NA;NA;NA;NA
-16,64105606;14,95318985;SNGb10;2;NA;25;NA;NA;NA;NA;NA;NA;NA;NA;NA;NA;NA;NA;NA;NA;NA;NA;NA;NA;NA;NA;NA;NA
-16,64105606;14,95318985;SNGb10;3;NA;100;NA;NA;NA;NA;NA;NA;NA;NA;41;NA;5,5;4,099999905;NA;6,599999905;3,359999895;0,270000011;0,039999999;NA;NA;49;5,599999905;0
NA;NA;SNH047;1;NA;10;NA;5YR3/4;NA;NA;NA;NA;46;20;34;SCL;6,300000191;NA;NA;7,579999924;4,849999905;0,460000008;0,0495;NA;16,81999969;15,10000038;0,540000021;NA
NA;NA;SNH047;2;NA;43;NA;5YR3/4;NA;NA;NA;NA;42;14;42;C;4,199999809;NA;NA;1,980000019;2,74000001;0,379999995;0,014;NA;13,18999958;4,099999905;0,620000005;NA
NA;NA;SNH047;3;NA;75;NA;2,5YR3/6;NA;NA;NA;NA;62;5;34;SCL;4,539999962;NA;NA;2,160000086;4,349999905;0,409999996;0,007;NA;15,94999981;1,700000048;0,449999988;NA
NA;NA;SNH047;4;NA;105;NA;2,5YR3/6;NA;NA;NA;NA;63;8;30;SCL;4,300000191;NA;NA;2,299999952;3,539999962;0,419999987;0,007;NA;14,05000019;1,200000048;0,540000021;NA
NA;NA;SNH047;5;NA;210;NA;2,5YR5/6;NA;NA;NA;NA;NA;NA;NA;NA;NA;NA;NA;NA;NA;NA;NA;NA;NA;NA;NA;NA
NA;NA;SNH071;1;NA;10;NA;10YR4/4;NA;NA;NA;NA;NA;NA;NA;NA;NA;NA;NA;1,779999971;0,800000012;0,289999992;NA;NA;2,380000114;NA;NA;NA
NA;NA;SNH071;2;NA;58;NA;10YR4/4;NA;NA;NA;NA;91;4;4;NA;4,679999828;NA;NA;1,429999948;0,779999971;0,319999993;0,0045;NA;2,230000019;2,329999924;0,589999974;NA
NA;NA;SNH071;3;NA;134;NA;7,5YR4/4;NA;NA;NA;NA;91;3;6;NA;4,389999866;NA;NA;1,309999943;2,430000067;0,280000001;0,003;NA;2,450000048;0,579999983;0,109999999;NA
NA;NA;SNH071;4;NA;144;NA;7,5YR4,5/6;NA;NA;NA;NA;NA;NA;NA;NA;NA;NA;NA;NA;NA;NA;NA;NA;NA;NA;NA;NA
NA;NA;SNH253;1;A;18;NA;10YR2,5/3;NA;NA;NA;NA;47;24;29;SCL;NA;NA;NA;NA;NA;NA;0,01;NA;20,55999947;11,60000038;1,100000024;NA
NA;NA;SNH253;2;AC;50;NA;2,5Y4,5/2;NA;NA;NA;NA;39;22;39;CL;7,599999905;NA;NA;20,23999977;6,199999809;0,75;0,007;NA;24,63999939;2,329999924;3,099999905;NA
NA;NA;SNH253;3;C1;83;NA;2,5Y4,5/2;NA;NA;NA;NA;39;22;39;CL;7,460000038;NA;NA;21,78000069;5,619999886;0,529999971;0,007;NA;24,36000061;1,159999967;6,5;NA
NA;NA;SNH253;4;C2;121;NA;2,5Y4,5/2;NA;NA;NA;NA;NA;NA;NA;NA;NA;NA;NA;NA;NA;NA;NA;NA;NA;NA;NA;NA
NA;NA;SNH253;5;CR;130;NA;NA;NA;NA;NA;NA;NA;NA;NA;NA;NA;NA;NA;NA;NA;NA;NA;NA;NA;NA;NA;NA
NA;NA;SNH431;1;NA;13;NA;10YR4,5/4;NA;NA;NA;NA;64;20;16;SL;4,829999924;NA;NA;3,00999999;1,309999943;0,300000012;0,0105;NA;6,480000019;2,910000086;0,389999986;NA
NA;NA;SNH431;2;NA;45;NA;10YR5/4;NA;NA;NA;NA;75;14;12;SL;5,400000095;NA;NA;2,940000057;1,350000024;0,319999993;0,017999999;NA;4,300000191;1,74000001;0,129999995;NA
NA;NA;SNH431;3;NA;78;NA;5Y3,5/1;NA;NA;NA;NA;37;25;38;CL;4,639999866;NA;NA;7,389999866;3,799999952;0,430000007;0,015;NA;14,23999977;5,230000019;0,230000004;NA
NA;NA;SNH431;4;NA;140;NA;5Y3,5/1;NA;NA;NA;NA;21;24;55;C;5,519999981;NA;NA;10,5;5,690000057;0,460000008;0,0065;NA;18,46999931;3,49000001;0,400000006;NA
NA;NA;SNH524;1;NA;8;NA;10YR4,5/4;NA;NA;NA;NA;91;4;6;S;7,820000172;NA;NA;2,130000114;0,550000012;0,289999992;0,0045;NA;2,470000029;2,329999924;0,200000003;NA
NA;NA;SNH524;2;NA;42;NA;10YR3/2;NA;NA;NA;NA;86;4;10;LS;7,190000057;NA;NA;3,619999886;0,860000014;0,349999994;0,005;NA;5,789999962;2,910000086;0,230000004;NA
NA;NA;SNH524;3;NA;93;NA;10YR4/4;NA;NA;NA;NA;89;3;9;LS;7,300000191;NA;NA;2,680000067;0,620000005;0,300000012;0,0045;NA;4,210000038;0,600000024;0,209999993;NA
NA;NA;SNH524;4;NA;120;NA;10YR4,5/4;NA;NA;NA;NA;87;5;8;LS;7,650000095;NA;NA;2,569999933;0,50999999;0,25999999;0,0045;NA;3,75;0,5;0,200000003;NA
NA;NA;SNH524;5;NA;130;NA;10YR6/4;NA;NA;NA;NA;NA;NA;NA;NA;NA;NA;NA;NA;NA;NA;NA;NA;NA;NA;NA;NA
NA;NA;SNH525;1;NA;49;NA;10YR4/3;NA;NA;NA;NA;89;4;7;S;7,400000095;NA;NA;2,599999905;1,789999962;0,340000004;0,0115;NA;3,180000067;4,059999943;0,790000021;NA
NA;NA;SNH525;2;NA;88;NA;10YR4,5/4;NA;NA;NA;NA;93;1;6;S;7,78000021;NA;NA;2,470000029;1,090000033;0,469999999;0,007;NA;2,059999943;1,159999967;0,189999998;NA
NA;NA;SNH525;3;NA;126;NA;10YR5/4;NA;NA;NA;NA;93;1;6;S;8,199999809;NA;NA;1,779999971;1,070000052;0,319999993;0,0045;NA;2,029999971;0,5;0,109999999;NA
NA;NA;SNH525;4;NA;140;NA;10YR5,5/6;NA;NA;NA;NA;94;0;6;S;7,900000095;NA;NA;1,779999971;0,810000002;0,330000013;0,0035;NA;1,580000043;0,400000006;0,140000001;NA
-16,46761131;15,07318974;SNKAP5;1;NA;20;NA;10YR3/2;NA;NA;NA;NA;NA;NA;NA;NA;NA;NA;NA;NA;NA;NA;NA;NA;NA;NA;NA;NA
-16,46761131;15,07318974;SNKAP5;2;NA;55;NA;10YR3/4;NA;NA;NA;NA;NA;NA;NA;NA;NA;NA;NA;NA;NA;NA;NA;NA;NA;NA;NA;NA
-16,46761131;15,07318974;SNKAP5;3;NA;90;NA;7,5YR3/4;NA;NA;NA;NA;NA;NA;NA;NA;NA;NA;NA;NA;NA;NA;NA;NA;NA;NA;NA;NA
-15,56029987;14,07409954;SNKF35/C001;1;A;23;NA;10YR4/4;NA;NA;NA;NA;75;17;8;SL;6;5,300000191;NA;1,799999952;0,600000024;0,039999999;0,100000001;NA;10,69999981;5,5;0,370000005;NA
-15,56029987;14,07409954;SNKF35/C001;2;B1;82;NA;7,5YR4/6;NA;NA;NA;NA;73;13;16;SL;5,800000191;5;NA;1,899999976;0,699999988;0,029999999;0,079999998;NA;3,75;4,199999809;0,299999982;NA
-15,56029987;14,07409954;SNKF35/C001;3;B2;150;NA;10YR5/8;NA;NA;NA;NA;66;12;22;SCL;6;5,400000095;NA;NA;NA;NA;NA;NA;5,099999905;2,700000048;0,179999992;NA
-16,84238815;14,76366997;SNMAIG65;1;NA;25;NA;NA;30;NA;61;NA;91;4;3;S;6,599999905;NA;NA;1,600000024;0,5;NA;0,109999999;NA;NA;4,300000191;0,270000011;NA
-16,84238815;14,76366997;SNMAIG65;2;NA;50;NA;NA;NA;NA;NA;NA;NA;NA;NA;NA;NA;NA;NA;NA;NA;NA;NA;NA;NA;NA;NA;NA
-16,84238815;14,76366997;SNMAIG65;3;NA;85;NA;NA;31;NA;58;NA;89;2;8;S;6,5;NA;NA;0,699999988;0,400000006;NA;0,090000004;NA;NA;1,100000024;0,090000004;NA
-16,84238815;14,76366997;SNMAIG65;4;NA;155;NA;NA;29;NA;47;NA;76;3;20;SL;5,5;NA;NA;0,899999976;0,600000024;NA;0,090000004;NA;NA;NA;NA;NA
-16,84238815;14,76366997;SNMAIG65;5;NA;210;NA;NA;28;NA;48;NA;76;4;16;SL;5,800000191;NA;NA;0,75;0,400000006;NA;0,109999999;NA;NA;NA;NA;NA
-17,05558395;14,78314018;SNMAIG69;1;NA;10;NA;NA;9;NA;41;NA;50;11;39;SC;7,800000191;NA;NA;21;109;0,699999988;0,209999993;NA;NA;7,599999905;0,769999981;NA
-17,05558395;14,78314018;SNMAIG69;2;NA;50;NA;NA;NA;NA;NA;NA;NA;NA;NA;NA;NA;NA;NA;NA;NA;NA;NA;NA;NA;NA;NA;NA
-17,05558395;14,78314018;SNMAIG69;3;NA;100;NA;NA;NA;NA;NA;NA;NA;NA;NA;NA;NA;NA;NA;NA;NA;NA;NA;NA;NA;NA;NA;NA
-17,05558395;14,78314018;SNMAIG69;4;NA;200;NA;NA;9;NA;39;NA;48;8;36;SC;7,5;NA;NA;21,10000038;10,60000038;0,680000007;0,209999993;NA;NA;5,899999619;0,5;NA
NA;NA;SNORSTOM/KME53;1;A11;10;C;NA;29;NA;31;12;72;23;15;SL;5,900000095;4,800000191;NA;1,799999952;0,800000012;0,059999999;0,200000003;NA;5,199999809;10;0,699999988;NA
-14,86289978;13,98519993;SNORSTOM/MKE53;2;A12;23;C;NA;21;NA;38;5;64;15;23;SCL;5,099999905;4,300000191;NA;0,600000024;0,400000006;0,119999997;0,100000001;NA;5;NA;NA;NA
-14,86289978;13,98519993;SNORSTOM/MKE53;3;C;30;NA;NA;NA;NA;NA;NA;NA;NA;NA;NA;NA;NA;NA;NA;NA;NA;NA;NA;NA;NA;NA;NA
-17,05772209;14,46150017;SNP15E/7P;1;NA;20;NA;NA;NA;NA;NA;NA;NA;NA;NA;NA;NA;NA;NA;NA;NA;NA;NA;NA;NA;9,199999809;1,200000048;NA
-17,05772209;14,46150017;SNP15E/7P;2;NA;45;NA;NA;NA;NA;NA;NA;NA;NA;NA;NA;NA;NA;NA;NA;NA;NA;NA;NA;NA;3,400000095;0,300000012;NA
-17,05772209;14,46150017;SNP15E/7P;3;NA;NA;NA;10YR6/6;NA;NA;NA;NA;NA;NA;NA;NA;NA;NA;NA;NA;NA;NA;NA;NA;NA;4;0,5;NA
-11,69377804;12,82771969;SNP2E/7P;1;A;12;C;10YR4/3;0;12;8;10;42;36;33;CL;5,5;NA;NA;2,299999952;1,200000048;0,170000002;0,140000001;NA;9,25;11,39999962;1,100000024;11
-11,69377804;12,82771969;SNP2E/7P;2;Bs;35;C;10YR4/3;0;2;3;4;9;42;47;SIC;5,5;NA;NA;2,400000095;0,100000001;0,170000002;0,039999999;NA;11,85000038;6,700000286;0,5;16
-11,69377804;12,82771969;SNP2E/7P;3;Bsg;47;G;10YR5/2;0;2;1;2;17;48;56;C;5,199999809;NA;NA;1,200000048;0,800000012;0,140000001;0,059999999;NA;9;NA;NA;NA
-11,69377804;12,82771969;SNP2E/7P;4;Bg1;55;G;10YR5/1;0;3;7;7;21;28;56;C;5;NA;NA;1;0;0,100000001;0,059999999;NA;8,600000381;NA;NA;NA
-11,69377804;12,82771969;SNP2E/7P;5;Bg2;104;NA;10YR5/1;0;5;6;6;24;31;51;C;5,5;NA;NA;1;0;0,100000001;0,050000001;NA;1,649999976;NA;NA;NA
-12,30449963;12,82120037;SNRAF51;1;NA;15;NA;NA;NA;NA;NA;NA;61;16;19;SL;6,5;NA;NA;NA;NA;NA;NA;NA;NA;NA;NA;NA
-12,30449963;12,82120037;SNRAF51;2;NA;150;NA;NA;NA;NA;NA;NA;52;20;31;SCL;6;NA;NA;NA;NA;NA;NA;NA;NA;NA;NA;NA
-12,28269958;12,79660034;SNRAF64;1;NA;15;G;NA;NA;NA;NA;NA;56;20;24;NA;NA;5;NA;NA;NA;NA;NA;NA;11,30000019;NA;NA;NA
-12,28269958;12,79660034;SNRAF64;2;NA;55;G;NA;NA;NA;NA;NA;58;13;29;NA;NA;6,5;NA;NA;NA;NA;NA;NA;12,39999962;NA;NA;NA
-12,28269958;12,79660034;SNRAF64;3;NA;93;C;10YR4/6;NA;NA;NA;NA;43;20;37;NA;NA;5,5;NA;NA;NA;NA;NA;NA;14,19999981;NA;NA;NA
-12,28269958;12,79660034;SNRAF64;4;NA;117;C;NA;NA;NA;NA;NA;54;14;32;NA;NA;6;NA;NA;NA;NA;NA;NA;16,39999962;NA;NA;NA
-12,28269958;12,79660034;SNRAF64;5;NA;150;NA;5G7/1;NA;NA;NA;NA;56;12;32;NA;NA;NA;NA;NA;NA;NA;NA;NA;NA;NA;NA;NA
-12,22999954;12,69999981;SNRSM01;1;NA;29;NA;10YR7/3;NA;NA;NA;NA;NA;NA;NA;SL;6,5;NA;NA;NA;NA;NA;NA;NA;6,5;13;1;NA
-12,22999954;12,69999981;SNRSM01;2;NA;80;NA;7,5YR6/6;NA;NA;NA;NA;NA;NA;NA;SL;NA;NA;NA;NA;NA;NA;NA;NA;5;NA;NA;NA
-12,22999954;12,69999981;SNRSM01;3;NA;100;NA;NA;NA;NA;NA;NA;NA;NA;NA;SC;NA;NA;NA;NA;NA;NA;NA;NA;5;NA;NA;NA
-15,22999954;16,52000046;SNRSM02;1;NA;10;NA;5YR4/3;42;NA;47;NA;89;6;5;S;7,599999905;5,5;NA;1,74000001;0;0,02;0,109999999;NA;1,889999986;1,480000019;0,119999997;NA
-15,22999954;16,52000046;SNRSM02;2;NA;40;NA;5YR434;47;NA;39;NA;86;4;10;LS;7,5;5,300000191;NA;1,879999995;1,100000024;0,02;0,119999997;NA;3,529999971;1,519999981;0,129999995;NA
-15,22999954;16,52000046;SNRSM02;3;NA;56;NA;5YR6/4;46;NA;39;NA;85;3;12;LS;7,400000095;5,5;NA;2,200000048;1,580000043;0,02;0,150000006;NA;3,569999933;NA;NA;NA
-15,22999954;16,52000046;SNRSM02;4;NA;150;NA;NA;48;NA;39;NA;87;5;8;LS;8;5,699999809;NA;1,940000057;2,039999962;0,02;0,119999997;NA;3,579999924;NA;NA;NA
-16,59000015;14,78999996;SNRSM03;1;NA;20;NA;10YR7/4;20;71;4;NA;95;2;3;S;5,400000095;4,400000095;NA;0,699999988;0,200000003;0,006;0,039999999;NA;1,75;2,24000001;0,189999998;NA
-16,59000015;14,78999996;SNRSM03;2;NA;60;NA;10YR8/3;23;64;4;NA;91;4;5;S;5,5;4,199999809;NA;1,200000048;0,5;0,006;0,050000001;NA;2,599999905;2,140000105;0,189999998;NA
-16,59000015;14,78999996;SNRSM03;3;NA;100;NA;10YR6/3;21;67;4;NA;92;3;5;S;5,5;4,199999809;NA;0,899999976;0,5;0,02;0,029999999;NA;2;2,00999999;0,159999996;NA
-16,59000015;14,78999996;SNRSM03;4;NA;175;NA;7,5YR6/6;20;68;4;NA;92;3;5;S;5,800000191;4,5;NA;1,5;0,699999988;0,02;0,039999999;NA;2,349999905;2,170000076;0,119999997;NA
-16,59000015;14,78999996;SNRSM03;5;NA;235;NA;7,5YR6/6;22;70;3;NA;95;1;4;S;6,099999905;5;NA;1,090000033;0,300000012;0,02;0,029999999;NA;1,450000048;1,610000014;0,07;NA
-15,42125034;12,57332993;SNRSM05;1;NA;8;NA;7,5YR4/4;40;NA;35;NA;75;11;14;SL;6,199999809;5,199999809;NA;1,940000057;1,220000029;0,029999999;0,059999999;NA;3,779999971;9,600000381;0,639999986;NA
-15,42125034;12,57332993;SNRSM05;2;NA;20;NA;2,5YR4/4;41;NA;32;NA;73;13;14;SL;6;4,5;NA;0,74000001;0,779999971;0,01;0,02;NA;3,170000076;4,400000095;0,409999996;NA
-15,42125034;12,57332993;SNRSM05;3;NA;50;NA;2,5YR3,5/6;32;NA;28;NA;60;14;26;SCL;5,099999905;4;NA;0,239999995;0,5;0,02;0,029999999;NA;3,869999886;4,199999809;0,409999996;NA
-15,42125034;12,57332993;SNRSM05;4;NA;105;NA;2,5YR4/6;24;NA;20;NA;44;11;45;C;5;4,199999809;NA;0,579999983;0,579999983;0,02;0,029999999;NA;4,449999809;NA;NA;NA
-15,42125034;12,57332993;SNRSM05;5;NA;170;NA;10YR4/6;26;NA;21;NA;47;10;43;C;5,099999905;4,300000191;NA;0,460000008;0,439999998;0,02;0,029999999;NA;2,579999924;NA;NA;NA
-16,00727844;16,3999691;SNRSM06;1;NA;5;NA;NA;1;NA;23;NA;24;49;27;SIL;5,5;5;NA;3,900000095;6,599999905;2,200000048;0,400000006;NA;17,10000038;10;0,74000001;NA
-16,00727844;16,3999691;SNRSM06;2;NA;12;NA;NA;0;NA;19;NA;19;47;34;SICL;5,5;4,900000095;NA;4;7;1,600000024;0,449999988;NA;16,20000076;12,80000019;1,100000024;NA
-16,00727844;16,3999691;SNRSM06;3;NA;24;NA;10YR 6/1,5;0;NA;22;NA;22;46;32;CL;6,199999809;5,099999905;NA;2,700000048;5,300000191;1,5;0,400000006;NA;6,5;2,400000095;0,300000012;NA
-16,00727844;16,3999691;SNRSM06;4;NA;37;NA;10YR3,5/1;0;NA;11;NA;11;44;45;SIC;5,800000191;4,800000191;NA;3,700000048;9,100000381;3;0,649999976;NA;17;2,700000048;0,340000004;NA
-16,00727844;16,3999691;SNRSM06;5;NA;48;NA;NA;0;NA;82;NA;82;12;6;LS;5;4,300000191;NA;0,600000024;1,399999976;0;0,050000001;NA;2,75;0,600000024;0,079999998;NA
-16,00727844;16,3999691;SNRSM06;6;NA;80;NA;NA;2;NA;32;NA;34;59;7;SICL;5;4,300000191;NA;1,799999952;4,199999809;1,200000048;0,200000003;NA;8,300000191;1,700000048;0,170000002;NA
-16,00727844;16,3999691;SNRSM06;7;NA;103;NA;NA;2;NA;43;NA;45;50;5;SIL;NA;NA;NA;2,400000095;4;1,149999976;0,25;NA;7,5;1,700000048;0,180000007;NA
-15,2252779;16,54516983;SNRSM07;1;NA;12;NA;10YR5/3;19;NA;22;NA;41;20;39;CL;7;5;NA;8,899999619;5,760000229;0,079999998;0,360000014;NA;14,34000015;2,880000114;0,319999993;NA
-15,2252779;16,54516983;SNRSM07;2;NA;35;NA;10YR6/3;13;NA;21;NA;34;20;46;C;6,599999905;4,699999809;NA;9,399999619;7,820000172;0,059999999;0,219999999;NA;17,59000015;2,480000019;0,289999992;NA
-15,2252779;16,54516983;SNRSM07;3;NA;80;NA;10YR6/3;13;NA;23;NA;36;19;45;C;6,300000191;4,5;NA;9,180000305;6,920000076;0,050000001;0,129999995;NA;20,22999954;NA;NA;NA
-15,2252779;16,54516983;SNRSM07;4;NA;120;NA;NA;29;NA;67;NA;96;1;3;S;7,300000191;5,199999809;NA;0,560000002;0,25999999;0,02;0,02;NA;1,080000043;NA;NA;NA
-15,68972206;13,02653027;SNRSM09;1;NA;3;NA;10YR6/3;0;NA;7;NA;7;63;30;SICL;3,599999905;NA;NA;2;9,600000381;40;0,550000012;NA;11,39999962;12,80000019;1,279999971;NA
-15,68972206;13,02653027;SNRSM09;2;NA;12;NA;10YR6/3;1;NA;12;NA;13;36;51;C;3,599999905;NA;NA;2,200000048;5,800000191;4,800000191;0,75;NA;14,39999962;13,19999981;1,129999995;NA
-15,68972206;13,02653027;SNRSM09;3;NA;75;NA;5YR5/1;NA;NA;NA;NA;NA;NA;NA;NA;3,5;NA;NA;1,600000024;5,599999905;5,400000095;0,800000012;NA;1340;8,199999809;0,409999996;NA
-15,68972206;13,02653027;SNRSM09;4;NA;100;NA;2,5YR7/4;0;NA;40;NA;40;27;33;CL;3,299999952;NA;NA;1,799999952;4;4,599999905;0,400000006;NA;15,75;12;0,409999996;NA
-15,68972206;13,02653027;SNRSM09;5;NA;140;NA;7,5YRN/5;NA;NA;NA;NA;NA;NA;NA;NA;2,400000095;NA;NA;3,400000095;6,800000191;8,5;0,449999988;NA;20,20000076;24,39999962;0,769999981;NA
NA;NA;SNS101;1;NA;15;NA;5YR4/2;NA;NA;NA;NA;76;13;11;SL;5,409999847;NA;NA;1,25999999;0,769999981;0,270000011;0,003;NA;4,190000057;6,980000019;0,409999996;NA
NA;NA;SNS101;2;NA;35;NA;5YR4/6;NA;NA;NA;NA;65;13;24;SCL;4,71999979;NA;NA;1,24000001;0,50999999;0,25999999;0,0025;NA;4,420000076;4,650000095;0,330000013;NA
NA;NA;SNS101;3;NA;65;NA;5YR4/6;NA;NA;NA;NA;55;8;37;SC;4,690000057;NA;NA;0,819999993;0,270000011;0,280000001;0,0025;NA;5,630000114;2,910000086;0,330000013;NA
NA;NA;SNS101;4;NA;108;NA;5YR5/6;NA;NA;NA;NA;45;11;44;SC;5,119999886;NA;NA;0,660000026;0;0,280000001;0,0025;NA;6,570000172;2,329999924;0,300000012;NA
NA;NA;SNS101;5;NA;120;NA;5YR5/6;NA;NA;NA;NA;NA;NA;NA;NA;NA;NA;NA;NA;NA;NA;NA;NA;NA;NA;NA;NA
NA;NA;SNS102;1;NA;30;NA;10YR4/2;NA;NA;NA;NA;88;5;7;S;5;NA;NA;1,210000038;0,239999995;0,25;0,007;NA;3,089999914;5,230000019;0,379999995;NA
NA;NA;SNS102;2;NA;75;NA;10YR6/3;NA;NA;NA;NA;62;28;10;SL;5,5;NA;NA;0,970000029;0,270000011;0,239999995;0,006;NA;1,769999981;1,74000001;0,159999996;NA
NA;NA;SNS102;3;NA;135;NA;10YR7/4;NA;NA;NA;NA;70;22;8;SL;5,389999866;NA;NA;0,930000007;0,25999999;0,239999995;0,0055;NA;1,279999971;1,159999967;0,200000003;NA
NA;NA;SNS102;4;NA;145;NA;NA;NA;NA;NA;NA;NA;NA;NA;NA;NA;NA;NA;NA;NA;NA;NA;NA;NA;NA;NA;NA
NA;NA;SNS104;1;NA;20;NA;10YR3/2;NA;NA;NA;NA;71;19;10;SL;5,539999962;NA;NA;0,170000002;1,210000038;0,319999993;0,050000001;NA;5,920000076;11,05000019;0,49000001;NA
NA;NA;SNS104;2;NA;35;NA;10YR4/4;NA;NA;NA;NA;67;16;17;SL;4,710000038;NA;NA;0,959999979;0,790000021;0,319999993;0,005;NA;3,75;5,230000019;0,379999995;NA
NA;NA;SNS104;3;NA;50;NA;10YR5/4;NA;NA;NA;NA;56;16;28;SCL;5,179999828;NA;NA;1,129999995;0,810000002;0,300000012;0,005;NA;5,170000076;3,49000001;0,379999995;NA
NA;NA;SNS104;4;NA;85;NA;10YR5/6;NA;NA;NA;NA;52;18;30;SCL;5,179999828;NA;NA;0,800000012;0;0,270000011;0,005;NA;4,769999981;4,070000172;0,379999995;NA
NA;NA;SNS104;5;NA;100;NA;NA;NA;NA;NA;NA;NA;NA;NA;NA;NA;NA;NA;NA;NA;NA;NA;NA;NA;NA;NA;NA
NA;NA;SNS104;6;NA;110;NA;NA;NA;NA;NA;NA;NA;NA;NA;NA;NA;NA;NA;NA;NA;NA;NA;NA;NA;NA;NA;NA
-16,20027351;14,15408993;SNS2,P7;1;Ag;7;NA;10YR5/2;17;NA;50;NA;67;10;12;SL;5,800000191;5,5;NA;NA;NA;NA;NA;NA;NA;5,699999809;0,180000007;NA
-16,20027351;14,15408993;SNS2,P7;2;Bjo;20;NA;10YR7/21;21;NA;58;NA;79;5;5;LS;4,900000095;4,699999809;NA;NA;NA;NA;NA;NA;NA;2,700000048;0,079999998;NA
-16,20027351;14,15408993;SNS2,P7;3;Bgjo;30;NA;10YR7/2;25;NA;57;NA;82;12;6;LS;4,400000095;4,300000191;NA;NA;NA;NA;NA;NA;NA;NA;NA;NA
-16,20027351;14,15408993;SNS2,P7;4;Bjo;45;NA;10YR4/1;10;NA;35;NA;45;24;31;L;3,599999905;3,5;NA;NA;NA;NA;NA;NA;NA;NA;NA;NA
-16,20027351;14,15408993;SNS2,P7;5;B1j;70;NA;10YR3/1;10;NA;40;NA;50;21;29;SCL;3,799999952;3,599999905;NA;NA;NA;NA;NA;NA;NA;NA;NA;NA
-16,20027351;14,15408993;SNS2,P7;6;B2j;95;NA;10YR3/1;18;NA;41;NA;59;10;21;SCL;3,200000048;3,200000048;NA;NA;NA;NA;NA;NA;NA;NA;NA;NA
-16,36666679;13,89999962;SNSF103;1;NA;17;NA;10YR3/3;18;NA;66;10;94;2;4;S;2,650000095;4,849999905;NA;1,100000024;0,360000014;0,140000001;0,129999995;NA;2,75999999;4,099999905;0,370000005;NA
-16,36666679;13,89999962;SNSF103;2;NA;40;NA;NA;19;NA;59;12;90;3;7;S;4,949999809;4,800000191;NA;1,539999962;0,159999996;0,140000001;0,119999997;NA;2,640000105;3;0,330000013;NA
-16,36666679;13,89999962;SNSF103;3;NA;95;NA;NA;NA;NA;NA;NA;NA;NA;NA;NA;NA;NA;NA;NA;NA;NA;NA;NA;NA;NA;NA;NA
-16,36666679;13,89999962;SNSF103;4;NA;NA;NA;NA;18;NA;49;11;77;2;21;SCL;4,900000095;4,599999905;NA;1,539999962;0,639999986;0,170000002;0,129999995;NA;3,900000095;2,900000095;0,280000001;NA
-16,38333321;13,73332977;SNSF117;1;NA;12;NA;NA;19;NA;50;19;88;5;7;S;4,849999905;4,599999905;NA;1,879999995;0,800000012;0,159999996;0,129999995;NA;5,099999905;9,300000191;0,589999974;NA
-16,38333321;13,73332977;SNSF117;2;NA;40;NA;NA;16;NA;51;17;84;5;10;LS;4,599999905;4,150000095;NA;0,540000021;0,409999996;0,140000001;0,119999997;NA;3,5;4,400000095;0,379999995;NA
-16,38333321;13,73332977;SNSF117;3;NA;70;NA;NA;NA;NA;NA;NA;NA;NA;NA;NA;NA;NA;NA;0,439999998;0,25;0,159999996;0,129999995;NA;4,699999809;4,300000191;0,379999995;NA
-16,38333321;13,73332977;SNSF117;4;NA;130;NA;NA;15;NA;44;15;75;4;22;SCL;4,25;4,050000191;NA;NA;NA;NA;NA;NA;NA;NA;NA;NA
-16,38333321;14,03332996;SNSF137;1;NA;15;NA;10YR3/1;17;NA;49;15;81;9;10;LS;5,199999809;4,349999905;NA;3,359999895;0,409999996;0,219999999;0,150000006;NA;6,599999905;7,099999905;0,579999983;NA
-16,38333321;14,03332996;SNSF137;2;NA;35;NA;10YR5/1;16;NA;45;19;80;6;14;SL;5,650000095;4,400000095;NA;3,400000095;0,50999999;0,200000003;0,119999997;NA;6,300000191;3,5;0,270000011;NA
-16,38333321;14,03332996;SNSF137;3;NA;60;NA;NA;14;NA;40;13;67;5;28;SCL;5,550000191;4,050000191;NA;4,650000095;0,730000019;0,280000001;0,129999995;NA;8,5;3,199999809;0,270000011;NA
-16,38333321;14,03332996;SNSF137;4;NA;140;NA;10YR7/1;NA;NA;NA;NA;NA;NA;NA;NA;NA;NA;NA;NA;NA;NA;NA;NA;NA;NA;NA;NA
-16,41666603;13,68332958;SNSF142;1;NA;15;NA;7,5YR3/2;28;NA;59;8;95;1;4;S;5,599999905;4,800000191;NA;1,919999957;0,620000005;0,159999996;0,119999997;NA;2,819999933;5,599999905;0,340000004;NA
-16,41666603;13,68332958;SNSF142;2;NA;45;NA;NA;24;NA;61;8;93;2;5;S;5,599999905;4,5;NA;0,639999986;0,280000001;0,129999995;0,100000001;NA;1,149999976;3,400000095;0,340000004;NA
-16,41666603;13,68332958;SNSF142;3;NA;85;NA;NA;28;NA;55;9;92;0;8;S;5,300000191;4,25;NA;0,360000014;0,219999999;0,129999995;0,100000001;NA;0,810000002;2,099999905;0,209999993;NA
-16,41666603;13,68332958;SNSF142;4;NA;140;NA;5YR5/8;NA;NA;NA;NA;NA;NA;NA;NA;NA;NA;NA;NA;NA;NA;NA;NA;NA;NA;NA;NA
-16,41666794;13,68332958;SNSF143;1;NA;15;C;10YR3/2;20;NA;59;14;93;2;5;S;6,150000095;5,449999809;NA;2,950000048;1,200000048;0,140000001;0,159999996;NA;5,800000191;10;0,579999983;NA
-16,41666794;13,68332958;SNSF143;2;NA;60;C;NA;16;NA;63;14;93;2;5;S;4,949999809;4,800000191;NA;0,660000026;0,460000008;0,159999996;0,100000001;NA;2,349999905;2,599999905;0,25999999;NA
-16,41666794;13,68332958;SNSF143;3;NA;120;C;NA;15;NA;41;12;67;5;28;SCL;4,300000191;4,050000191;NA;0,560000002;0,50999999;0,129999995;0,109999999;NA;6,050000191;5,299999714;0,449999988;NA
-16,41666794;13,68332958;SNSF143;4;NA;140;NA;10YR7/4;NA;NA;NA;NA;NA;NA;NA;NA;NA;NA;NA;NA;NA;NA;NA;NA;NA;NA;NA;NA
-16,39999962;13,69999981;SNSF157;1;NA;15;NA;10YR3/1;15;NA;56;20;90;NA;NA;NA;6,050000191;5,550000191;NA;3,130000114;0,660000026;0,119999997;0,119999997;NA;4,400000095;5,899999619;0,519999981;NA
-16,39999962;13,69999981;SNSF157;2;NA;45;NA;NA;15;NA;52;21;87;NA;NA;NA;5,099999905;4,949999809;NA;1,74000001;0,5;0,150000006;0,100000001;NA;3,650000095;3,300000191;0,349999994;NA
-16,39999962;13,69999981;SNSF157;3;NA;80;NA;10YR7/2;16;NA;58;21;95;NA;NA;NA;5,949999809;4,849999905;NA;0,720000029;0,230000004;0,109999999;0,090000004;NA;1,899999976;3,600000143;0,25;NA
-16,39999962;13,69999981;SNSF157;4;NA;120;NA;NA;NA;NA;NA;NA;NA;NA;NA;NA;NA;NA;NA;NA;NA;NA;NA;NA;NA;NA;NA;NA
-16,35000038;13,88333035;SNSF16;1;NA;10;C;10YR2/1;10;NA;26;17;53;18;29;SCL;5,349999905;5,300000191;NA;17;4,730000019;0,170000002;0,239999995;NA;23;29,5;1,600000024;NA
-16,35000038;13,88333035;SNSF16;2;NA;87;D;10YR3/1;9;NA;27;11;47;12;41;C;5,300000191;4,400000095;NA;13,39999962;2,400000095;0,209999993;0,159999996;NA;21,54999924;10,80000019;0,620000005;NA
-16,35000038;13,88333035;SNSF16;3;NA;115;NA;10YR5/1;23;NA;42;8;73;2;25;SCL;4,650000095;4,150000095;NA;5,25;0,709999979;0,119999997;0,119999997;NA;7,800000191;2,399999857;0,189999998;NA
-16,38333321;13,94999981;SNSF166;1;NA;14;C;10YR3/1;9;NA;38;18;66;9;25;SCL;6,199999809;5,449999809;NA;19,60000038;2,720000029;0,159999996;0,230000004;NA;24,79999924;18,09999847;1,200000048;NA
-16,38333321;13,94999981;SNSF166;2;NA;60;G;NA;8;NA;38;14;58;6;36;SC;6,5;4,949999809;NA;18,20000076;1,100000024;0,189999998;0,129999995;NA;22,85000038;6,199999809;0,449999988;NA
-16,38333321;13,94999981;SNSF166;3;NA;100;NA;NA;89;NA;39;15;62;5;33;SCL;5,949999809;4,800000191;NA;15,39999962;0,479999989;0,200000003;0,140000001;NA;20,95000076;4,099999905;0,270000011;NA
-16,36666679;13,96667004;SNSF169;1;NA;11;C;10YR3/1;12;NA;42;18;72;17;11;SL;5,400000095;NA;NA;3,549999952;0,829999983;0,119999997;0,140000001;NA;8,5;10,70000076;0,74000001;NA
-16,36666679;13,96667004;SNSF169;2;NA;41;G;10YR5/2;9;NA;28;19;55;16;29;SCL;5,199999809;NA;NA;2,920000076;0,930000007;0,209999993;0,129999995;NA;8,880000114;4,5;0,479999989;NA
-16,36666679;13,96667004;SNSF169;3;NA;85;G;10YR4/2;9;NA;33;11;53;10;37;SC;5;NA;NA;2,799999952;0,639999986;0,300000012;0,129999995;NA;11,05000019;5,599999905;0,5;NA
-16,36666679;13,96667004;SNSF169;4;NA;130;NA;10YR4/1;NA;NA;NA;NA;NA;NA;NA;NA;NA;NA;NA;NA;NA;NA;NA;NA;NA;NA;NA;NA
-16,26666641;14,01667023;SNSF174;1;NA;15;C;NA;21;NA;NA;18;84;7;9;LS;6,25;5,550000191;NA;4,5;0,779999971;0,109999999;0,159999996;NA;6,699999809;9,100000381;0,699999988;NA
-16,26666641;14,01667023;SNSF174;2;NA;38;G;NA;10;NA;NA;23;81;7;12;SL;4,949999809;4,75;NA;2,299999952;0,639999986;0,090000004;0,129999995;NA;5,099999905;3,600000143;0,280000001;NA
-16,26666641;14,01667023;SNSF174;3;NA;80;G;NA;14;NA;NA;11;60;6;34;SCL;4,5;4,150000095;NA;3,200000048;1,639999986;0,109999999;0,129999995;NA;10,14999962;3,899999857;0,529999971;NA
-16,26666641;14,01667023;SNSF174;4;NA;120;NA;NA;NA;NA;NA;NA;NA;NA;NA;NA;NA;NA;NA;NA;NA;NA;NA;NA;NA;NA;NA;NA
-16,28333282;14,01667023;SNSF175;1;NA;25;C;10YR3/2;21;NA;54;15;90;7;6;S;6,300000191;5,699999809;NA;4,25;1,139999986;0,100000001;0,129999995;NA;5,940000057;8,300000191;0,680000007;NA
-16,28333282;14,01667023;SNSF175;2;NA;65;G;NA;17;NA;56;15;88;7;5;S;6,050000191;5;NA;1,120000005;0,189999998;0,100000001;0,100000001;NA;2,5;2;0,140000001;NA
-16,28333282;14,01667023;SNSF175;3;NA;110;G;NA;22;NA;45;17;84;3;12;LS;6,050000191;4,550000191;NA;1,340000033;0,50999999;0,109999999;0,100000001;NA;3,25;2,799999952;0,25;NA
-16,28333282;14,01667023;SNSF175;4;NA;140;NA;10YR5/6;NA;NA;NA;NA;NA;NA;NA;NA;NA;NA;NA;NA;NA;NA;NA;NA;NA;NA;NA;NA
-16,31666756;13,96667004;SNSF188;1;NA;15;G;10YR2/1;19;NA;37;12;68;8;24;SCL;5,599999905;4,599999905;NA;11,60000038;2,220000029;0,170000002;0,230000004;NA;19,45000076;21,09999847;1,419999957;NA
-16,31666756;13,96667004;SNSF188;2;NA;35;C;10YR3/1;18;NA;32;12;61;4;35;SCL;5,300000191;4,199999809;NA;9,199999809;2;0,159999996;0,159999996;NA;15,05000019;7,699999809;0,49000001;NA
-16,31666756;13,96667004;SNSF188;3;NA;100;NA;10YR7/1;16;NA;32;17;65;5;31;SCL;5,75;4,800000191;NA;7,150000095;0,699999988;0,119999997;0,129999995;NA;9,899999619;4;0,310000002;NA
-16,33333397;13,93332958;SNSF190;1;NA;17;C;10YR3/3;21;NA;58;14;93;3;4;S;5,550000191;4,949999809;NA;1,580000043;0,519999981;0,090000004;0,129999995;NA;3,5;6,300000191;0,389999986;NA
-16,33333397;13,93332958;SNSF190;2;NA;40;C;10YR3/1;23;NA;54;14;90;4;6;S;5,400000095;4,849999905;NA;1,24000001;0,310000002;0,100000001;0,100000001;NA;2,900000095;3,400000095;0,25999999;NA
-16,33333397;13,93332958;SNSF190;3;NA;85;G;NA;22;NA;54;14;89;4;7;S;4,800000191;NA;NA;0,939999998;0,209999993;0,119999997;0,100000001;NA;2,349999905;2,399999857;0,230000004;NA
-16,33333397;13,93332958;SNSF190;4;NA;140;NA;NA;NA;NA;NA;NA;NA;NA;NA;NA;NA;NA;NA;NA;NA;NA;NA;NA;NA;NA;NA;NA
-16,26666641;13,93332958;SNSF200;1;NA;10;C;10YR3/2;21;NA;44;17;82;8;10;LS;6,150000095;NA;NA;4,849999905;0,949999988;0,100000001;0,180000007;NA;7,150000095;9,699999809;0,670000017;NA
-16,26666641;13,93332958;SNSF200;2;NA;35;G;10YR5/4;17;NA;39;12;69;4;28;SCL;5,849999905;NA;NA;3,450000048;1;0,129999995;0,150000006;NA;7,300000191;4,199999809;0,379999995;NA
-16,26666641;13,93332958;SNSF200;3;NA;90;G;10YR7/2;15;NA;38;13;65;3;32;SCL;5,150000095;NA;NA;2,75;0,800000012;0,109999999;0,119999997;NA;7,5;3,400000095;0,25999999;NA
-16,26666641;13,93332958;SNSF200;4;NA;140;NA;10YR7/1;NA;NA;NA;NA;NA;NA;NA;NA;NA;NA;NA;NA;NA;NA;NA;NA;NA;NA;NA;NA
-16,26666641;13,89999962;SNSF204;1;NA;15;C;10YR5/3;15;NA;55;24;93;2;5;S;5,599999905;NA;NA;1,059999943;0,469999999;0,109999999;0,180000007;NA;3,099999905;4,199999809;0,360000014;NA
-16,26666641;13,89999962;SNSF204;2;NA;55;C;10YR5/3;13;NA;48;28;89;3;9;S;5,449999809;NA;NA;0,939999998;0,430000007;0,109999999;0,200000003;NA;3;2,799999952;0,239999995;NA
-16,26666641;13,89999962;SNSF204;3;NA;85;C;10YR6/4;12;NA;44;23;79;2;19;SL;5,550000191;NA;NA;1,360000014;0,949999988;0,090000004;0,119999997;NA;4,320000172;3;0,349999994;NA
-16,26666641;13,89999962;SNSF204;4;NA;140;NA;10YR7/6;19;NA;44;20;82;2;15;SL;5,400000095;NA;NA;0,920000017;0,730000019;0,090000004;0,119999997;NA;2,880000114;2,599999905;0,200000003;NA
-16,26666641;13,88333035;SNSF206;1;NA;17;G;10YR4/3;23;NA;60;13;95;1;4;S;5,900000095;NA;NA;1,039999962;0,479999989;0,100000001;0,230000004;NA;2,349999905;4;0,349999994;NA
-16,26666641;13,88333035;SNSF206;2;NA;50;G;7,5YR5/4;24;NA;60;8;92;1;7;S;5,849999905;NA;NA;0,5;0,409999996;0,109999999;0,360000014;NA;2,5;4,400000095;0,300000012;NA
-16,26666641;13,88333035;SNSF206;3;NA;90;D;5YR5/6;25;NA;53;9;87;1;12;SL;5,199999809;NA;NA;0,340000004;0,219999999;0,119999997;0,170000002;NA;2,650000095;2,5;0,200000003;NA
-16,26666641;13,88333035;SNSF206;4;NA;140;NA;NA;22;NA;45;9;78;2;22;SCL;4,150000095;NA;NA;0,340000004;0,230000004;0,100000001;0,109999999;NA;3,119999886;2,700000048;0,349999994;NA
-16,26666641;13,88333035;SNSF207;1;NA;17;C;5YR4/4;27;NA;57;9;94;2;3;S;5,5;NA;NA;0,819999993;0,310000002;0,100000001;0,140000001;NA;2,700000048;6,199999809;0,5;NA
-16,26666641;13,88333035;SNSF207;2;NA;45;G;2,5YR4/6;29;NA;53;10;92;1;7;S;5,099999905;NA;NA;0,540000021;0,200000003;0,090000004;0,090000004;NA;2,150000095;2,899999857;0,300000012;NA
-16,26666641;13,88333035;SNSF207;3;NA;90;G;2,5YR5/8;27;NA;46;9;89;2;9;S;5,300000191;NA;NA;0,460000008;0,209999993;0,090000004;0,090000004;NA;2,150000095;1,899999976;0,200000003;NA
-16,26666641;13,88333035;SNSF207;4;NA;140;NA;NA;29;NA;56;8;83;2;15;SL;4,349999905;NA;NA;0,340000004;0,5;0,090000004;0,100000001;NA;3,25;3,899999857;0,300000012;NA
-16,31666756;13,88333035;SNSF215;1;NA;23;G;10YR3/3;22;NA;56;14;92;2;5;S;5,349999905;NA;NA;0,720000029;0,219999999;0,100000001;0,119999997;NA;3,779999971;4,599999905;0,340000004;NA
-16,31666756;13,88333035;SNSF215;2;NA;55;C;7,5YR5/4;23;NA;56;12;92;2;6;S;5,650000095;NA;NA;0,819999993;0,189999998;0,090000004;0,109999999;NA;2,039999962;2;0,180000007;NA
-16,31666756;13,88333035;SNSF215;3;NA;140;NA;7,5YR5/8;21;NA;40;11;72;2;26;SCL;5,849999905;NA;NA;2,150000095;0,699999988;0,090000004;0,109999999;NA;4,800000191;3,099999905;0,349999994;NA
-16,38333321;13,80000019;SNSF38;1;NA;25;G;NA;27;NA;50;10;88;4;8;S;5,699999809;5,25;NA;4,800000191;1,820000052;0,150000006;0,140000001;NA;7,559999943;12,89999962;1,00999999;NA
-16,38333321;13,80000019;SNSF38;2;NA;55;D;NA;25;NA;57;9;90;2;8;S;5,5;4,400000095;NA;5;1,860000014;0,119999997;0,129999995;NA;8,300000191;3,400000095;0,319999993;NA
-16,38333321;13,80000019;SNSF38;3;NA;155;D;NA;22;NA;43;8;73;2;25;SCL;4,300000191;4,150000095;NA;0,779999971;0,370000005;0,109999999;0,100000001;NA;2,599999905;3,199999809;0,370000005;NA
-16,38333321;13,80000019;SNSF38;4;NA;220;NA;NA;20;NA;48;10;78;1;21;SCL;4,300000191;4,25;NA;0,920000017;0,340000004;0,090000004;0,100000001;NA;3,359999895;2,599999905;0,330000013;NA
-16,33333206;13,76667023;SNSF53;1;NA;15;C;NA;14;NA;39;20;74;15;11;SL;4,849999905;4,449999809;NA;2;1,870000005;0,150000006;0,159999996;NA;5,159999847;9,300000191;0,850000024;NA
-16,33333206;13,76667023;SNSF53;2;NA;63;C;NA;5;NA;25;17;47;15;38;CL;4,199999809;3,650000095;NA;2,5;0,959999979;0,119999997;0,159999996;NA;5,900000095;5,300000191;0,800000012;NA
-16,33333206;13,76667023;SNSF53;3;NA;97;C;NA;25;NA;54;12;91;3;6;S;4,25;3,049999952;NA;2,349999905;0,660000026;0,170000002;0,119999997;NA;9,720000267;1,5;0,180000007;NA
-16,33333206;13,76667023;SNSF53;4;NA;140;NA;NA;NA;NA;NA;NA;NA;NA;NA;NA;NA;NA;NA;NA;NA;NA;NA;NA;NA;NA;NA;NA
-16,36666679;13,81667042;SNSF61;1;NA;20;G;NA;12;NA;64;14;90;5;5;S;NA;5,199999809;NA;0,300000012;0,07;0,109999999;0,100000001;NA;1,75;5,899999619;0,550000012;NA
-16,36666679;13,81667042;SNSF61;2;NA;60;G;NA;10;NA;64;15;90;3;8;S;4,699999809;4,599999905;NA;2,369999886;0,660000026;0,109999999;0,119999997;NA;4,440000057;2,5;0,219999999;NA
-16,36666679;13,81667042;SNSF61;3;NA;150;NA;NA;13;NA;53;10;76;4;21;SCL;4,650000095;4,300000191;NA;0,959999979;0,189999998;0,090000004;0,109999999;NA;2,450000048;2,799999952;0,370000005;NA
-16,39999962;13,76667023;SNSF70;1;NA;16;C;NA;29;NA;50;11;90;5;5;S;4,900000095;4,800000191;NA;1,299999952;0,529999971;0,100000001;0,119999997;NA;3,839999914;7,300000191;0,800000012;NA
-16,39999962;13,76667023;SNSF70;2;NA;42;G;10YR6/3;25;NA;49;15;90;4;6;S;4,349999905;4,150000095;NA;1,74000001;0,689999998;0,090000004;0,170000002;NA;3,960000038;3,099999905;2,599999905;NA
-16,39999962;13,76667023;SNSF70;3;NA;85;G;7,5YR5/4;25;NA;44;12;81;3;16;SL;4,25;4,050000191;NA;0,519999981;0,25999999;0,100000001;0,129999995;NA;2,519999981;3,199999809;4;NA
-16,39999962;13,76667023;SNSF70;4;NA;150;NA;NA;NA;NA;NA;NA;NA;NA;NA;NA;NA;NA;NA;NA;NA;NA;NA;NA;NA;NA;NA;NA
-16,38333321;13,80000019;SNSF81;1;NA;20;C;5YR4/4;8;NA;76;8;92;2;6;S;5,400000095;4,699999809;NA;0,540000021;0,180000007;0,100000001;0,119999997;NA;3,400000095;4,199999809;0,379999995;NA
-16,38333321;13,80000019;SNSF81;2;NA;55;G;NA;8;NA;77;7;91;2;6;S;4,699999809;4,5;NA;0,839999974;0,360000014;0,150000006;0,140000001;NA;2,75999999;3,700000048;0,370000005;NA
-16,38333321;13,80000019;SNSF81;3;NA;100;G;NA;9;NA;76;6;90;2;7;S;4,550000191;4,449999809;NA;0,620000005;0,200000003;0,140000001;0,129999995;NA;2,160000086;2;0,200000003;NA
-16,38333321;13,80000019;SNSF81;4;NA;150;NA;NA;NA;NA;NA;NA;NA;NA;NA;NA;NA;NA;NA;NA;NA;NA;NA;NA;NA;NA;NA;NA
-16,38333321;13,73332977;SNSF87;1;NA;15;C;NA;21;NA;51;17;89;6;5;S;5,599999905;4,800000191;NA;1,75999999;0,670000017;0,150000006;0,140000001;NA;4,260000229;7,699999809;0,560000002;NA
-16,38333321;13,73332977;SNSF87;2;NA;50;G;NA;20;NA;46;20;85;5;10;LS;4,349999905;4,150000095;NA;0,479999989;0,25999999;0,140000001;0,119999997;NA;3;3,099999905;0,340000004;NA
-16,38333321;13,73332977;SNSF87;3;NA;100;NA;NA;14;NA;32;17;62;6;32;SCL;4,199999809;3,950000048;NA;0,319999993;0,289999992;0,159999996;0,129999995;NA;5,28000021;4,099999905;0,360000014;NA
-14,5621109;13,97994041;SNSILP01;1;Ap;4;C;10YR4/2;1;24;23;22;93;0;9;S;7,400000095;NA;NA;1,799999952;0,5;0;0,400000006;NA;1,950000048;4,900000095;0,599999964;NA
-14,5621109;13,97994041;SNSILP01;2;A;24;C;10YR4/3;2;23;20;20;64;26;10;SL;6,199999809;NA;NA;1,100000024;0,400000006;0,01;0,200000003;NA;2,799999952;0,599999964;0,07;NA
-14,5621109;13,97994041;SNSILP01;3;AB;85;G;10YR4/3;1;21;21;18;62;16;22;SICL;6,400000095;NA;NA;1;0,5;0;0,129999995;NA;2;3,099999905;0,299999982;NA
-14,5621109;13,97994041;SNSILP01;4;Bt;110;C;10YR5/4;2;18;13;13;46;18;36;CL;5,099999905;NA;NA;1,5;1,299999952;0,01;0,129999995;NA;3,5;NA;NA;NA
-14,5621109;13,97994041;SNSILP01;5;Bts;120;NA;10YR6/4;3;23;14;12;53;15;32;SCL;5,300000191;NA;NA;1,600000024;1,100000024;0,07;0,090000004;NA;13,60000038;NA;NA;NA
NA;NA;SNSYNACf;1;NA;101;NA;NA;NA;NA;NA;NA;NA;NA;NA;NA;NA;NA;NA;NA;NA;NA;NA;NA;NA;NA;NA;NA
NA;NA;SNSYNACh;1;NA;101;NA;NA;NA;NA;NA;NA;NA;NA;NA;NA;NA;NA;NA;NA;NA;NA;NA;NA;NA;NA;NA;NA
NA;NA;SNSYNACo;1;NA;101;NA;NA;NA;NA;NA;NA;NA;NA;NA;NA;NA;NA;NA;NA;NA;NA;NA;NA;NA;NA;NA;NA
NA;NA;SNSYNACp;1;NA;101;NA;NA;NA;NA;NA;NA;NA;NA;NA;NA;NA;NA;NA;NA;NA;NA;NA;NA;NA;NA;NA;NA
NA;NA;SNSYNARb;1;NA;101;NA;NA;NA;NA;NA;NA;NA;NA;NA;NA;NA;NA;NA;NA;NA;NA;NA;NA;NA;NA;NA;NA
NA;NA;SNSYNARg;1;NA;101;NA;NA;NA;NA;NA;NA;NA;NA;NA;NA;NA;NA;NA;NA;NA;NA;NA;NA;NA;NA;NA;NA
NA;NA;SNSYNARh;1;NA;101;NA;NA;NA;NA;NA;NA;NA;NA;NA;NA;NA;NA;NA;NA;NA;NA;NA;NA;NA;NA;NA;NA
NA;NA;SNSYNARo;1;NA;101;NA;NA;NA;NA;NA;NA;NA;NA;NA;NA;NA;NA;NA;NA;NA;NA;NA;NA;NA;NA;NA;NA
NA;NA;SNSYNCMc;1;NA;101;NA;NA;NA;NA;NA;NA;NA;NA;NA;NA;NA;NA;NA;NA;NA;NA;NA;NA;NA;NA;NA;NA
NA;NA;SNSYNCMd;1;NA;101;NA;NA;NA;NA;NA;NA;NA;NA;NA;NA;NA;NA;NA;NA;NA;NA;NA;NA;NA;NA;NA;NA
NA;NA;SNSYNCMe;1;NA;101;NA;NA;NA;NA;NA;NA;NA;NA;NA;NA;NA;NA;NA;NA;NA;NA;NA;NA;NA;NA;NA;NA
NA;NA;SNSYNCMg;1;NA;101;NA;NA;NA;NA;NA;NA;NA;NA;NA;NA;NA;NA;NA;NA;NA;NA;NA;NA;NA;NA;NA;NA
NA;NA;SNSYNCMo;1;NA;101;NA;NA;NA;NA;NA;NA;NA;NA;NA;NA;NA;NA;NA;NA;NA;NA;NA;NA;NA;NA;NA;NA
NA;NA;SNSYNCMv;1;NA;101;NA;NA;NA;NA;NA;NA;NA;NA;NA;NA;NA;NA;NA;NA;NA;NA;NA;NA;NA;NA;NA;NA
NA;NA;SNSYNCMx;1;NA;101;NA;NA;NA;NA;NA;NA;NA;NA;NA;NA;NA;NA;NA;NA;NA;NA;NA;NA;NA;NA;NA;NA
NA;NA;SNSYNFLd;1;NA;101;NA;NA;NA;NA;NA;NA;NA;NA;NA;NA;NA;NA;NA;NA;NA;NA;NA;NA;NA;NA;NA;NA
NA;NA;SNSYNFLt;1;NA;101;NA;NA;NA;NA;NA;NA;NA;NA;NA;NA;NA;NA;NA;NA;NA;NA;NA;NA;NA;NA;NA;NA
NA;NA;SNSYNFRh;1;NA;101;NA;NA;NA;NA;NA;NA;NA;NA;NA;NA;NA;NA;NA;NA;NA;NA;NA;NA;NA;NA;NA;NA
NA;NA;SNSYNGLd;1;NA;101;NA;NA;NA;NA;NA;NA;NA;NA;NA;NA;NA;NA;NA;NA;NA;NA;NA;NA;NA;NA;NA;NA
NA;NA;SNSYNGLe;1;NA;101;NA;NA;NA;NA;NA;NA;NA;NA;NA;NA;NA;NA;NA;NA;NA;NA;NA;NA;NA;NA;NA;NA
NA;NA;SNSYNGLk;1;NA;101;NA;NA;NA;NA;NA;NA;NA;NA;NA;NA;NA;NA;NA;NA;NA;NA;NA;NA;NA;NA;NA;NA
NA;NA;SNSYNGLu;1;NA;101;NA;NA;NA;NA;NA;NA;NA;NA;NA;NA;NA;NA;NA;NA;NA;NA;NA;NA;NA;NA;NA;NA
NA;NA;SNSYNLPd;1;NA;30;NA;NA;NA;NA;NA;NA;NA;NA;NA;NA;NA;NA;NA;NA;NA;NA;NA;NA;NA;NA;NA;NA
NA;NA;SNSYNLPe;1;NA;30;NA;NA;NA;NA;NA;NA;NA;NA;NA;NA;NA;NA;NA;NA;NA;NA;NA;NA;NA;NA;NA;NA
NA;NA;SNSYNLPk;1;NA;30;NA;NA;NA;NA;NA;NA;NA;NA;NA;NA;NA;NA;NA;NA;NA;NA;NA;NA;NA;NA;NA;NA
NA;NA;SNSYNLXf;1;NA;101;NA;NA;NA;NA;NA;NA;NA;NA;NA;NA;NA;NA;NA;NA;NA;NA;NA;NA;NA;NA;NA;NA
NA;NA;SNSYNRGd;1;NA;101;NA;NA;NA;NA;NA;NA;NA;NA;NA;NA;NA;NA;NA;NA;NA;NA;NA;NA;NA;NA;NA;NA
NA;NA;SNSYNRGe;1;NA;101;NA;NA;NA;NA;NA;NA;NA;NA;NA;NA;NA;NA;NA;NA;NA;NA;NA;NA;NA;NA;NA;NA
NA;NA;SNSYNRGg;1;NA;101;NA;NA;NA;NA;NA;NA;NA;NA;NA;NA;NA;NA;NA;NA;NA;NA;NA;NA;NA;NA;NA;NA
NA;NA;SNSYNSCg;1;NA;101;NA;NA;NA;NA;NA;NA;NA;NA;NA;NA;NA;NA;NA;NA;NA;NA;NA;NA;NA;NA;NA;NA
NA;NA;SNSYNSNh;1;NA;101;NA;NA;NA;NA;NA;NA;NA;NA;NA;NA;NA;NA;NA;NA;NA;NA;NA;NA;NA;NA;NA;NA
NA;NA;SNSYNVRe;1;NA;101;NA;NA;NA;NA;NA;NA;NA;NA;NA;NA;NA;NA;NA;NA;NA;NA;NA;NA;NA;NA;NA;NA
-16,21497536;14,20100212;SNZ1,P21;1;A;10;G;NA;25;NA;46;NA;71;18;10;SL;7,5;6,300000191;NA;0,370000005;0,150000006;1,200000048;0,059999999;NA;NA;4,849999905;0,430000007;NA
-16,21497536;14,20100212;SNZ1,P21;2;ABg;25;C;NA;25;NA;46;NA;71;18;10;SL;7,5;6,300000191;NA;0,370000005;0,150000006;1,200000048;0,059999999;NA;NA;4,849999905;0,430000007;NA
-16,21497536;14,20100212;SNZ1,P21;3;Bg;80;G;10YR6/4;17;NA;37;NA;55;25;21;SCL;8,5;7,599999905;NA;0,50999999;0,330000013;7,610000134;0,07;NA;NA;1,370000005;0,100000001;NA
-16,21497536;14,20100212;SNZ1,P21;4;BCg;110;NA;10YR5/2;13;NA;37;NA;50;27;22;SCL;8,899999619;7,5;NA;0,159999996;0,209999993;8,739999771;0,129999995;NA;NA;NA;NA;NA
